"comicName","comicSummary","comicGrade"
"타챠노트","프리랜서일기","9.76"
"스윗칵테일","Self Made","9.39"
"아빠는여섯살","아빠 4컷 그림일기","9.94"
"봉츄자매라옹","웃기는 고양이자매","9.80"
"158동진상부부","부부의 진짜 일상","9.13"
"나의수상한행성","소년 소녀와 소년","9.88"
"외국in한국","영국인의한국생활","9.86"
"마이데이","순정,학업로맨스","9.68"
"마법소년근무일지","","9.66"
"엑소니클","퇴마사 이야기","9.80"
"충충의하루","충충의 하루","9.60"
"발버둥치다","우울증 이야기","9.91"
"무대에서지않지만배우입니다","배우 지망생 이야기","9.84"
"빛보다찬란한그대",".","9.90"
"홈스윗홈","네식구 사는 이야기","9.85"
"우로보로스","호러판타지 로맨스","9.28"
"루텔","력家네","9.90"
"빵뽀시래기","빵집 알바 해봤니?","9.86"
"1인크리에이터","유X버 & bXj","8.86"
"육식토끼","평범 콤플렉스 토끼","9.90"
"홍시관찰일기","아기를 싫어하던 여자가 아기를 낳았다!","9.83"
"사랑하는계절","9일19일29일연재","9.60"
"구나의그랬구나","어린이집 교사냥이","9.92"
"여긴어디","칭다오 일상툰","9.91"
"ㅎㅋ고모리","은둔형 외톨이인 모리의 성장일기","9.27"
"나비를찾아서","우리는 마녀다!","9.85"
"여우자매","여우자매,일상판타지","9.93"
"1시간30분","비글과 아웃사이더","9.89"
"CMYK","의식의 흐름 만화","9.06"
"정글짐위에올라","우리의 초딩 시절","9.93"
"나의작은조","공룡집사의 반려인간","9.90"
"안녕외교국","SF 감성 판타지","9.54"
"현세이의보이는라디오","현세이입니다!","9.90"
"스투피즈","새내기 생활툰","9.91"
"블랙펄:둥근창의세계","돈이궁한 용병이야기","9.74"
"루이와졸개들R","나만알고싶은 양아치","9.76"
"불편해요,선배님!","캠퍼스 로맨스","9.93"
"사막화花","본격 식물 판타지","9.69"
"디언더사이즈드(THEUNDERSIZED)","고등학교농구부이야기","9.60"
"아버지이야기","아버지 들려주는..","9.81"
"백일몽화원","7,17,27일연재","9.72"
"이딴여행","여행포토툰","9.77"
"일찍자고일찍일어나기","아침형 뱀파이어","9.92"
"우리집강아지는복슬강아지","댕댕이와의 일상:3","9.93"
"앨리스를위하여","새로운앨리스이야기","9.86"
"저승화랑전","악덕 상사와 나","9.93"
"츤데레","남정네 넷의 츤츤","9.87"
"육묘일기","고양이 일상툰","9.92"
"존버닥터","섬탈출까지 존버해라","9.48"
"그림자게임","시즌2 시작합니다.","9.88"
"뫼비우스의소설","오각관계 드라마","9.78"
"우리는예상치못하게","그럴 때가 있잖아요","9.92"
"너를만나다","어느날 너를 만나다","9.92"
"안녕,나의길고양이","길고양이와 공대생","9.93"
"오늘부터날아!","신나는 배구","9.85"
"랜드라이프","상어의 육지 생활","9.90"
"지나온길","그들의 추억팔이","9.61"
"채식주의자의애완채소","스릴러, 리메이크중","9.86"
"이상과현실","일상의 철학","9.93"
"나의비거니즘만화","비건의 일상","8.64"
"멋도모르는여자","일상부부툰","9.83"
"우리는친한친구","친한친구 이야기","9.63"
"불만있어?","실화119 웹툰","9.87"
"애정이필요해","불안장애 극복기","9.78"
"쉼터에살았다","쉼터 생활툰","9.92"
"사쟈툰","사쟈를 그립니다.","8.84"
"만화임진왜란","쉽게 보는 임진왜란","9.79"
"아이고아이고","삶과 죽음의 이야기","8.61"
"숲","사연을 그리는 만화","9.92"
"인더하우스","동거 로맨스","9.85"
"헛어른","어른이라고 하기엔 아직 부족한 것 같고, 마냥 젊다고 하기엔 어느덧 적지 않은 나이. 그래서 때론 당황스럽기도 하고 서툴기도 한 우리들. ‘헛어른’은 그런 우리들의 이야기입니다.","9.85"
"무엇이든그려드립니닷!","무엇이든그려드립니닷","9.90"
"같이꽃길걸을까요?","군화곰신커플 일상툰","9.65"
"런어웨이","초능력 소녀,그의 소유물이 되다","9.80"
"천진난만하루","천진이의 일상이야기","9.93"
"마물전담부대","마물을 사냥하는부대","9.90"
"판타지TV","판타지의 인터넷방송","9.72"
"윤이나는남자","여자같은 남자","9.38"
"로단테","판타지 활극 드라마","9.85"
"오묘한가족","오묘한가족의 이야기","9.88"
"Jun과나","실화에서 시작된 예대속 색있는 사람들의 색있는 이야기.","9.89"
"내열정은최고조!","한남자의 청춘속 열정적인 일상 에피소드","9.57"
"엑스트라Z씨","Z씨의 발버둥","9.94"
"기행공포단편집","공포만화 단편선","9.91"
"광해와이순신","광해와 이순신","9.74"
"은룡여린설","신과 인간의 이야기","9.90"
"미용사:LOSTHERO","전직용사현직미용사!","9.78"
"마이툰","두딸키우는 아재일상","9.67"
"유진의환상특급열차","유진의 여행기","9.91"
"윈터하츠","연금술사들의 이야기","9.93"
"서유기:손오공의모험","손오공의 서천여행기","9.57"
"목소리의그늘","훈남 전문 성우들!","9.80"
"지극히평범한생활","말만 평범한 일상툰","9.91"
"좋은개나쁜개이상한개그리고고양이","강아지 사회화 교육","9.73"
"쓰레기머학생","답없는 대학생 일상","9.86"
"원인탐구생활:아리보리","육묘일기","9.90"
"공대생툰","공대생의 일상","9.78"
"산군대잔치","산군의 일상툰","9.93"
"웰시네부부에세이","삶 고찰 그림에세이","9.59"
"뚜벅뚜벅,비혼라이프","비혼 여성의 일상","9.82"
"수영만화일기","저질체력,수영-하다","9.86"
"어바웃페이스","10대들의이야기","9.51"
"윤덩까툰시즌2","영국_일상_로맨스","9.71"
"원더키퍼","너를 지키는","9.93"
"사인검","액션활극 동양판타지","9.84"
"오늘도먹음머금","밥 먹는 두 친구","9.81"
"양지리정신병원","정신병원에 갇히다","9.19"
"신과의대화","특별한 능력의 소년과 특이한 사연의 소녀의 만남! 그 만남이 가져오는 다양한 사건들. 그리고 운명!","9.87"
"내매력에퐁당","내 매력에 퐁당!","9.67"
"부부사기단늬우스","수요일 연재","9.82"
"우당탕탕학교가자!","본격! 여고생툰","9.75"
"운명같은소리하네","나와 이어진 운명은","9.93"
"사라생전","김서방과 판타지","9.88"
"생기발랄다이어리","대안학교 이야기","9.54"
"라면순대","30대의 웃긴 일상","9.74"
"스타체이서","친구에게","9.87"
"텃밭부사건일지","명랑쾌활 살인추리극","9.87"
"아파트용사","아싸인생 이세계로!","9.25"
"헬로사이공","따뜻한 이야기들","9.88"
"잔액이부족합니다","대중교통 일상툰","9.93"
"뱀파이어클럽의혈투","뱀파이어클럽의 혈투","8.84"
"분노의난임일기","난임 정복 웹툰!","9.85"
"날것","해묵은 그림 일기장","8.46"
"이런우정","유쾌한 친구들 얘기","9.88"
"중독연구소","우리의 중독 이야기","9.61"
"투마로홈","매일 다른곳?","9.06"
"수상한가족협정","우리가 누구게?","9.88"
"신속한세계","판타지 모험 만화","9.25"
"마법약사","포션장사하는 이야기","9.95"
"눈깔소녀","어느날 갑자기","9.86"
"봉산코믹스","비극과희극 단편선","9.81"
"이브의꿈속친구","꿈에서 만난 친구","9.81"
"제소원을들어주세요!","중요한걸 잊고있었어","9.85"
"선선한이야기","프리랜선선","9.68"
"씨름","씨름 뒤집기 한판!","8.99"
"일상견문록","다른나라 일상이야기","9.76"
"찔레꽃그너머","임진왜란과 서민의삶","9.89"
"저승파견고용직","기묘한 만화","9.92"
"이데아프로젝트","능력자 판타지","9.81"
"서폿저택에어서오세요","서폿만 사는 저택","9.83"
"나눠먹는로맨스","음식&로맨스","9.67"
"제목이7080만화","7080 이야기","9.89"
"지금은여관주인!!","판타지속 여관이야기","9.92"
"조금수상한연애시뮬레이션","빛나라☆진심의♥하트","9.79"
"너구리네육아일기","육아일기","9.85"
"솔로의연애","연애할 수 있을까~","9.93"
"곰팡남녀","보통의 경계","9.91"
"미세만화주의보","저 세상 단편","9.69"
"나의작은여우별","소원의 여우별","9.93"
"파리스의선택","그리스 신화 회귀물","9.93"
"당할연","당신도할수있다연애","7.62"
"중딩툰","중딩이 그리는 웹툰","9.49"
"중등생활보고서","현실 중딩 보고서","8.97"
"매일집밥한그릇","셀프요리툰","9.89"
"전지적덕후시점","나의 덕질 라이프","9.58"
"벽","미스터리 SF 단편","9.84"
"함께할때까지","바카랑호두랑도마뱀","9.47"
"바람따라물따라","역사인물만화","9.79"
"매지컬팡","명랑만화 매지컬팡","9.90"
"스톤에이지","스릴러 판타지","9.88"
"폭렬!!극강초맹반","슈트액션 SF무협","9.74"
"재미개발","IT개발자들 이야기","9.79"
"저주와별가루","저주와 별가루","9.80"
"꽃밭에서","잊어버린 것","9.90"
"헌트","어디에 있는가","9.77"
"완벽한이별","사랑은 뭘까?","9.89"
"브레인스톰","기억들의 배틀로얄","9.93"
"에밀리이야기","어딘지 학교가 익숙하지 않은 에밀리의 학교적응 이야기","9.80"
"사업왕심길후","사업왕 심길후","9.61"
"드래곤메이커","용키우는만화","9.89"
"특이점2045","A.I.로봇VS인간","9.92"
"IDOL","전지적 연습생 시점","9.68"
"오늘도분홍했분홍","일상힐링툰","9.85"
"네가꿈꾸는동안에","꿈으로 드러난 범죄","9.92"
"엘레노이아타락시아","판타지로맨스드라마","9.89"
"도원향","우주경찰서 도원향","9.86"
"시간의뒷면","위험한 시간여행","9.04"
"괜찮아,고3이야","너와나의 리얼고3툰","9.91"
"채똘일기","채똘일기","9.50"
"불러줘내이름만","캠퍼스 로맨스","9.88"
"회사원채대리","회사원 만화","9.81"
"오늘의후기","매일 살아가는 후기","9.78"
"탑코너","고교 축구드라마","8.85"
"죽음과동화","호러.판타지.로맨스","9.89"
"숙천","단 한 번뿐인 생.","9.75"
"자체공강","대학물인척하는 만화","9.91"
"술타는청춘","청춘들의 개그 일상","9.70"
"갓도령스","꽃도령아이돌 로맨스","9.89"
"캐세랑세라","디스 이즈 러브!","9.93"
"20&21세기남매","9살차남매일상툰!","9.57"
"TwinsLoveStory(트윈스러브스토리)","쌍둥이의 사랑이야기","9.86"
"이상한낙원의넬리쉬","이세계? 이상세계!","9.74"
"좋운날","좋운날 보내셨나요?","9.93"
"여자공수혁","수혁이 학원기","9.93"
"일타쌍피-흑-","쌍둥이 일기","9.67"
"일타쌍피-백-","쌍둥이 일기","9.79"
"웰캄투실버라이프","할머니! 할아버지!","9.93"
"파차마마의마법","위험천만 남미여행기","9.87"
"다이아리","데이트폭력에 관하여","9.85"
"오늘을담다.","도시락 일상이야기","9.93"
"주작작주주작","영짐승 배틀물","9.67"
"슬픔을먹는남자","성장물,감성,판타지","9.91"
"식빵고양이파운드캣","식빵을 닮은 고양이","9.92"
"후덜덜덜남극전자","즐거운 회사생활","9.84"
"주근깨가쵸","의도치 않은 모험","9.72"
"림딩동","캠퍼스 농구만화","9.74"
"웃지않는여자","뒤엉킨 과거","9.80"
"시간이머문집","수수께끼 판타지","9.93"
"숲의향연","으로 초대합니다.","9.83"
"나도옷잘입고싶다","패고의 패션만화","9.92"
"몬스터커맨더F","몬스터 판타지","9.89"
"수의사그리는미대생","수의사&미대생의 삶","9.83"
"월국(月國)의프락세이스","소년과 세계,스피릿","9.70"
"빨간고백","다시 돌아온 너에게","9.79"
"누나한입만화","4컷 일상 먹툰","9.90"
"아틀레냐비바체","그림작가 모집","9.86"
"아틀레냐","치유계 판타지","9.87"
"B와당신","흡혈귀 여자친구","9.63"
"감각의어빌러티","감각능력으로싸운다!","9.79"
"틈","틈을파고드는 이야기","9.83"
"고양이로살고있습니다","고양이 지식, 일상","9.90"
"우리집에최애캐!","최애캐와 동거하자!","9.76"
"이과지옥","이과 발암만화","9.78"
"베이퍼정키스","퓨처 느와르","9.31"
"능력안경","안경장르 만화","9.90"
"마음의온도","마음의 온도","9.87"
"보이지않는사람","보이지 않는 사랑","9.00"
"인비트윈","판타지액션,자유연재","9.85"
"상실의계절","소프트 BL","9.74"
"신의마녀","자칭마녀와신비한소년","9.91"
"라스오브이블","2차 세계대전 SF","9.57"
"이리(iri)","윤회판타지/자유연재","9.58"
"다시돌아온","다시 돌아온","9.53"
"정령왕즈","정령왕들이 조잘조잘","9.87"
"압락사스","살인자 vs 사이비","9.71"
"도도도","도도의 이야기","9.81"
"살문(殺門)","살인과 관상","9.64"
"왕과그림자와여자","자유연재입니다^^","9.79"
"너의여집합","네가 없는 세상","9.79"
"이상낙원","마법 학원 판타지","9.83"
"닥터앤닥터육아일기","최강학력 육아일기","9.96"
"우리에게내일은","SF판타지 액션활극","9.53"
"픽셔너","그들의 이상한 일상","9.71"
"라텔론","근미래속의 마법사","9.38"
"강가네","사남매 가족 적응기","9.91"
"빌린몸","두근두근 순정만화","9.83"
"쿤도브라더스","개와 고양이의 동거","9.91"
"신선비","한 뱀신랑의 이야기","9.89"
"달무리의밤","고려시대 사랑이야기","9.79"
"나를찾아줘","의사와 의대생","9.44"
"맹랑맘마MEMORY","다시 쓰는 일기","9.84"
"오늘도사랑하세요","인싸 큐피드 되기!","9.93"
"왕립루브리카종합학원","판타지학원물","9.91"
"휴지통","잔부스러기같은 행복","9.87"
"울트라바이올렛","공대생vs뱀파이어","9.83"
"신비한마녀도감","유니콘덕후마녀의비밀","9.92"
"도화","동양 액션 판타지.","9.89"
"광고감독의발암일기","광고감독의 웃픈일상","9.73"
"소피아가머리카락을쓸어넘길때","학원 일상 추리","9.90"
"숲속의성","허기, 혹은 사랑","9.86"
"페카텀","신과 사제의 이야기","9.76"
"마녀가잠든사이에","마녀와 잔혹동화","9.86"
"비차의캘리툰,첫단추","스무살, 첫 단추.","9.86"
"하필너야?!","그녀와 그 고양이","9.76"
"노바","코지 미스테리 로판","9.89"
"여왕의계절","시대극 판타지 웹툰","9.87"
"은하!","정 식 연 재","9.88"
"전지적귀신시점","귀신만화.","9.90"
"플래닛자이언","월드와이드 SF극화","9.41"
"그래도같이살자","고양이 일상툰","9.88"
"십장르","너 장르가 뭐야?","8.34"
"무감각자들-짐승의지뢰밭","무감자,스릴러로맨스","9.61"
"너나들이","20대남녀연애이야기","9.91"
"뿌리네이야기","매일 가족 명랑 만화","9.77"
"나는부활마법을가졌다","부활판타지","9.86"
"치즈범벅","치즈고양이형제 일상","9.83"
"슬기는슬기를싫어해!","두소녀의 성장드라마","9.54"
"오늘은꼭고백할거야!","두 남자의 고백공략","9.92"
"사귀자","웹툰작가와 귀신 팬","9.87"
"3번째도막","개그 일상 이야기","9.93"
"아더의왕국","왕국의 주인은?","9.89"
"(구)여우야여우야","여우와 친구들","9.75"
"세모와동그라미","나보다외로운사람에게","9.89"
"개인사생활","죽고 나서야 갖게 된 안정적인 삶","9.62"
"1인칭외국인시점","프랑스 관찰일기","9.89"
"컬러풀아이덴티티","패션디자인 학원물","9.64"
"비김어게인IN한국[캐나다에도산다시즌2]","여여커플 일상툰","9.74"
"횡설수설다이어리","40대 가장의 일상","9.33"
"자각몽","자각몽을 꾸는 소녀","9.88"
"프리즘","무의식의 색","9.92"
"젤리빈하우스","신비의 보석 젤리빈,그리고 한 명의 마법사.","9.81"
"심연","비윤리적인 실험","9.78"
"복학생정순이","21살 복학생","9.89"
"어글리피플즈","못생긴남자의 이야기","8.87"
"투애니스(20's)","레스토랑 드라마","9.53"
"잉여특공대","고딩-슈퍼히어로맨스","9.92"
"해동요","동양 판타지 서사극","9.20"
"소울","코믹액션 더하기 환타지","8.98"
"옆집에그녀가산다","옆집의 특별한그녀!","9.69"
"슈퍼캣","거대고양이 등장!!","9.60"
"킬링타임","과거를 죽여라","9.83"
"과한가족","조금 과한 그들","9.93"
"성장통소나타","예체능 로맨스","9.89"
"라라의조그만작업실","미니어쳐만드는만화","9.79"
"문지기","사라진 문지기","9.92"
"모브","2097년 드라마","9.87"
"이오타","케이 아이가 만났다","9.25"
"나의별에게","감성로맨스","9.91"
"싸카소녀","소녀들의 스뽀오츠!","9.88"
"너에게나를던진다","아재&고딩의 성장기","9.53"
"초인의시대","지구를 지키는 초인","9.61"
"악마의레시피","악마와계약한파티시에","9.67"
"대작으로가는길","사신소년","9.87"
"물레","대학 공감청춘 만화","9.50"
"검은늑대","검은 늑대","9.88"
"이웃집유부녀","유부녀의 일상 기록","9.90"
"마법사와왕자님","로맨스 판타지","9.84"
"천상대전","천상대전","9.87"
"고냥고냥","취준생 고냥이","9.91"
"오늘의하루","친구들이야기","9.88"
"맛있는남자","그 남자는 맛이난다","9.93"
"DOOR","귀여운 다크판타지","9.85"
"개인적인택시","음악이 흐르는 택시","9.93"
"먼데이블루스","프리랜서와 직장인.","8.76"
"카이코","국제 연애 로맨스","9.96"
"비행소년","나의 첫 친구들","9.93"
"스파이키리스키","싱가폴 생활기","9.88"
"결혼후,보통의삶","묘한 중독 짱매의 매일매일","9.91"
"지금만큼은","시공간초월로맨스","9.93"
"아싸가알아버렸다","아싸탈출 도전기","9.48"
"판타지여동생!","게임판타지","9.50"
"스물다섯,어디로가야하죠?","이젠 심지어 스물 여섯","9.87"
"기계인(機械人)","인간과 AI의 전쟁","9.74"
"오무라이스프로젝트","다함께 오무라이스!","9.83"
"코스믹코믹스","우주 만화","9.89"
"시선스틸러","관심받고싶은이야기","9.63"
"in",".","9.23"
"엑스텐","매주 토요일 연재","9.86"
"결혼교과시간","학교에서배우는결혼","9.82"
"안단테","트라우마극복로맨스","9.77"
"미르신화전기","인류의 파멸을 막아라","9.86"
"해바라기하나","헤어디자이너 해꽃님","9.87"
"남동생과누나","남매 일상","9.84"
"동글앤토실","18년 묵은 커플","9.88"
"미스터신데렐라","신데렐라가 남자라면","9.89"
"이웃집기린씨!","개그힐링만화","9.91"
"그세계의공주님","모험판타지","9.87"
"Bugs","이 곳은 모든 것이 빛으로 이뤄진 공간","9.66"
"OO마트에놀러오세요.","마트 직원 하나씨","9.79"
"악취","악의 냄새","9.78"
"시월이툰","반려견 개그+공감툰","9.93"
"자유의경계","감옥스릴러","9.86"
"도사님도사님","사주 드라마","9.52"
"달콩달콩일상","바카와 호두","9.83"
"니하오복고","요리하는고양이 복고","9.89"
"스크류드라이버","나사돌리는그거 아님","9.91"
"밀웜","밀웜같은 아이","9.67"
"백수세끼","백수의 삼시세끼","9.60"
"하나","하나를 만났다.","9.74"
"달을그리는숲","판타지 사극","9.83"
"[세계여행이야기]WorldTravelDiary","세계여행이야기","9.89"
"가짜좀비왕4컷","일하기 싫은 가짜 좀비왕, 하루에 4컷만 완성하면 살아 남는다.","8.82"
"기코툰","그냥 다 죽자","8.08"
"마족사제","사제님은 마족?","9.93"
"악마소녀","악마소녀","9.64"
"新조선왕조실록","조선왕조인계자이야기","9.84"
"반연(絆緣)","토요일 저녁에만나요","9.91"
"껌은고양이뇌로","고양이 성 탈출극","9.83"
"11me(열하나)","잘생긴 내가 11명","9.85"
"좋은날","학원로맨스","9.86"
"블랙옐로","완결은 팬카페에","9.01"
"치와와의오후","알콩달콩 연애툰","9.90"
"사랑이올까요","과연 사랑이 올까요","9.59"
"가타부타타","이래저래 가타부타","9.87"
"즐거운생활","재주의 사회생활.","8.04"
"9등급뒤집기","수능 대박 프로젝트","8.59"
"낭떠러지밖으로점프","뭔가 이상한 아파트","9.77"
"사소한일로계약","사소한 걸로 계약함","9.53"
"음대놈들","음대생들의 일상","9.91"
"나의일본인친구","일본에서의 인연","9.86"
"결혼생활그림일기","스펙타클 결혼생활","9.90"
"여의도","여의도 좀비서바이벌","9.76"
"이또한지나갈까?","제품 개발자 이야기","8.92"
"루커피쳐","PICTURE","9.92"
"^-^(캐럿하이픈캐럿)","캐하캐","9.44"
"용애어부가","용과 어부 사랑노래","9.93"
"머리카락을뽑으면","미스터리 학원추리물","9.80"
"나만아는사랑","짝사랑 로맨스","9.85"
"주말엔보랏빛향기","성우지망생의 주말","9.77"
"지켜라!여의주!","그녀의비밀을지켜줘!","9.71"
"애쉬그레이","판타지","9.90"
"개판오분전","방과후고교생활이야기","9.72"
"합법해적파르페","공주님은 해적.","9.94"
"사랑하는제자들","나갈 수 없는 학교","9.84"
"결혼은싫어","독신주의자에게 나타난 신랑감들","9.73"
"일단은프리터입니다.","프리터족 이야기.","9.79"
"우주n은하","우주에서 온 소녀들","9.87"
"솔체","이루지못한시작의일기","9.39"
"메이커","뭐든지 만든다.","9.77"
"교환일기","왕따소녀의 교환일기","9.65"
"견우화","부도덕한 도사","9.93"
"어디사세요?","맞춤형아파트프로젝트","9.88"
"소금물방","오피스 블록버스터","9.88"
"시선이교차하는곳","과거와 미래를 보다","9.92"
"몽글이","멍멍이가 학교가","9.74"
"꼬맹이를부탁해!","꼬맹이와의 일상!","9.93"
"티레시아스","판타지 순정만화","9.86"
"시선의차이","변화하는 고교생활","9.37"
"인생맛집","주관적인 맛집이야기","9.90"
"어느남고생의하루","말하는강아지와의일상","9.88"
"아파지는중입니다","청춘남녀 성장로맨스","9.75"
"행복을찾다.","소녀의 행복은 현재 진행형?","9.87"
"그녀의거리","그와 그녀의 거리","9.91"
"인어를위한수영교실","성장 로맨스","9.94"
"아옹아옹","두식이 냥육일기","9.93"
"병","소년에서 군인으로","9.78"
"B텐더","술과 사람의 이야기","9.79"
"세이의RPG","게임 판타지","9.73"
"그의박물관엔수상한미라가있다.","고고학 로맨스","9.89"
"찌질라이프","찌질 라이프","9.37"
"버티고","버티고","9.71"
"불릿6미리","에어소프트건서바이벌","9.72"
"용사를물리쳐라!","용사를 물리쳐라!","9.90"
"나라면절대안그래","나라면 절대 안그래","9.49"
"가려진대화","익명으로 보는 내면","9.88"
"예서중유나!","예서중1학년 유나♡","9.38"
"힘내라봉산댁!","촌에도 청춘은 있다!","9.90"
"블랙메일","우체부 이야기.","9.06"
"오마이갓","신을 뽑는 오디션","9.62"
"CAFE_쉬어가게","누구나 쉬어가는 곳","9.89"
"고향집","아늑하고 편안해야할","9.83"
"신이없는세계","깨비깨비 도깨비","9.90"
"혼자앤피스","인생은 혼자","9.79"
"밤의아이들은누가듣는가","다장르 단편 모음","9.92"
"요괴백정","요괴사냥 판타지","9.87"
"거미의상자","일하는악마는 피곤해","9.90"
"뿅가이","간다 간다 뿅간다♡","9.86"
"우울의바다","그깊은곳에대하여","9.41"
"밀지","독살사건의 음모","9.74"
"우민이와팬티요정","미미는 팬티요정","9.13"
"오늘도랄라","평범하진 않은 가족이야기","9.74"
"전염소녀","행복은 전염된다.","9.86"
"어느새스며든","삼각관계","9.65"
"모죠의일지","유잼인생","9.89"
"드림캡슐(DreamCapsule)","자유연재","9.89"
"헛헛하다","daily life","9.76"
"반","소년이여 성장하라!","9.84"
"달맞이꽃","동양판타지","9.86"
"말랑말랑생활사","말랑말랑한 생활","9.72"
"하루한끼감정일기","아기자기힐링 음식툰","9.84"
"강호열전","강호의 여러 인간상","9.91"
"멍멍이랑","멍멍","9.89"
"유포리아","댄싱 학원물","9.73"
"모솔탈출일대기","모쏠 탈출 일대기!","9.64"
"루미인싸이드","청춘가족휴먼스토리","9.87"
"땅보고걷는아이","가정폭력을 그린 만화","9.88"
"블래커","범죄예측시스템","9.76"
"테이커","17살의 킬러","9.84"
"왕자님을찾아라!","왕자찾기 프로젝트","9.88"
"4년째신혼일기","4년차부부의리얼일상","9.76"
"봄이와","결혼도 처음 육아도 처음 초보부부의 육아분투기","9.63"
"단편들","단편만화","9.91"
"러브햄츄얼리","햄지 연애 성공기","9.70"
"미용사","전직용사 현직미용사","9.79"
"단편만화","단편 이야기","9.28"
"DJ카일하우스","DJ아빠와 중2아들","9.83"
"리베르","리베르","9.32"
"정불고교","정체불명 고등학교!","9.62"
"지독한악연","내 인생에서 꺼져","8.81"
"방안의코끼리","친구충과 직진연하남","9.83"
"우주광부","죽음, 그리고 우주","9.71"
"짠이쨍아","엉뚱 발랄 가족툰","9.66"
"어린공주","코믹 동화 판타지","9.93"
"판타지를기대하지마","수상한 사람이 왔다","9.84"
"악마의성불사무소","악마와 소년","9.89"
"포갓(FOURGOD)","열심히 일하는 신","9.87"
"신과인간","신과 인간의 이야기","9.89"
"내이름을불러줘","엄마인 삶에서 여성의 삶으로 성장하는 스토리","9.79"
"취사병전설이되다","군대요리 판타지만화","9.91"
"오늘도오셨네요","김직원입니다","9.25"
"우주의수호천사","우주의 수호천사!","9.88"
"버찌와나","집사와 아기 고양이","9.91"
"설레이는나날","고양이 반려일상!","9.90"
"나의영원한","덕메이트가 생기다","9.66"
"반짝반짝빛나는","반짝반짝빛나는","9.88"
"아이테르","현대 판타지","9.86"
"오늘은영웅","한 사람만의 영웅","9.78"
"메리고라운드","여고생 스쿨라이프","9.88"
"은규랑누나랑","꽁냥꽁냥 러브스토리","9.83"
"인생막장","정식 연재 협의 중","9.25"
"개시","광해군과 김개시의 政","9.90"
"나를죽이는방법","새드 스릴러","9.90"
"고교생존기","여고 표류기","9.87"
"양치기소년","일요일 연재","9.77"
"셀리아의어린연인","판타지로맨스 코미디","9.85"
"랭커앤랭커","초능력학원물","9.81"
"크리그","마법 판타지 액션","9.83"
"블루랜드","색을 잃고 살아남다","9.90"
"체리블로섬","너를 만나고 싶어","9.89"
"무주의맹시","삼신할미의 저주풀기","9.90"
"평범한이계의여고생","차원이동 여고생","9.91"
"만화유치원","만화가지망생 유치원가다","9.89"
"삶이우리를속일지라도","개그로맨스","9.92"
"별을지나","아이돌 탈출기!!","9.64"
"검은가시","마녀들의 투쟁사","9.86"
"디드롭스(D.drops)","당신이 꿈꾸는 잔혹동화","9.88"
"블러드라이트","에피소드 판타지","9.53"
"한지붕아래","다섯 바보의 이야기","9.91"
"몬스터즈필드","소녀들의 미식축구!","8.97"
"호구와싸가지","마지막 공지","9.89"
"스코칭로맨스","화끈한 개그 로맨스","9.86"
"신","인간이 되어버린 신","9.69"
"#살인스타그램","SNS연쇄살인","9.69"
"러브라이터","러브코미디","9.87"
"에리스","남을 속여야 이긴다","9.37"
"신의태궁","태궁과 도깨비","9.92"
"그녀의버킷리스트","죽기위해 이뤄가는","9.87"
"그남자그남자의사정","보통만화.","9.82"
"게으른고양이의soso한카페이야기","카페운영일상툰","9.84"
"드라코런::Dracorun","드래곤 라이더","9.80"
"공감각자","5.5감 스릴러","9.73"
"용사·마왕·우주인","낙제 용사 이야기","9.90"
"도시소녀귀농기","백수가족 단체귀농!","9.80"
"인절미","인기많은 절미씨","9.85"
"그림자가길어지는시간","25살,여대생","9.86"
"밤의새벽","인육매매마을 소녀","9.84"
"데칼코마니","추적스릴러웹툰","9.65"
"수채화다이어리","수채화로 전해드리는 공감 일상 툰 입니다:)","9.61"
"신별주부전","새로운 토끼와 자라","9.90"
"꿈의왕의꿈","꿈의 왕이 누구야?","9.86"
"애니메이킹","애니메이션 만들기","9.61"
"악마법소녀","마법과 내뱉은 말","9.90"
"고3목마회전인생","고3 타임루프","9.84"
"은근짜릿해","이럴때 은근히 짜릿","9.84"
"학살던전마","학교에서 살아남기","7.66"
"사랑을,너에게","사랑 받고 싶어","9.91"
"거미덫","거미줄에 걸려버렸다","9.82"
"봉봉미엘홍차클럽","홍차와 함께하는 일상 메르헨","9.91"
"미로의정원","판타지","9.93"
"PI(파이)","주라의 신화 이야기","9.75"
"저승찾아한서리","장기휴재","9.81"
"갓!김치","두유 노우 김치맨?","9.22"
"왕지태고교5인방!","5인방 시트콤","9.72"
"진주전","도깨비 판타지","9.87"
"데르탈리즘","원시인이 ★아이돌☆","9.57"
"문카니발","달과 밤 이중생활","9.56"
"나를위한봄","방송부 친구들","8.49"
"플랫다이어리","길고 말 많은 일상툰","9.90"
"같이살아요!","결혼할수 있을까","9.92"
"철수이야기","함께여서 난 좋았어","9.91"
"여왕의자격","로맨스포츠","9.50"
"언메이크","에어 아포칼립스","9.25"
"어나더","판타지 로맨스","9.86"
"블러드문","비극이 낳은 희망","9.74"
"폐급공무원","신종 폐급 공무원","9.53"
"아홉수우리들","우리들 이야기","9.91"
"붉게물들홍","조선 춤꾼들 이야기","9.90"
"블캣다이어리","쇼핑몰!밴드!고양이 강아지 엄마! 테이의 소소한 일상툰!","9.73"
"삼십오미리(35mm)","자신의 시선을 찾아가는 이호경과 사진 동아리 ‘삼십오미리’ 이야기","9.85"
"여전히일상","평범하지만 늘 다른","9.88"
"동거의법칙","반세기세대차이룸메이트","9.88"
"좋은꿈꾸세요","스트레스 처치로맨스","9.92"
"콜맨","병맛흥신소","9.33"
"나비이야기","식물이 무서워","9.89"
"태양","new 클래식 웹툰","9.62"
"지크프리트","전쟁 판타지","9.88"
"개남","한명쯤 키우고 싶은","9.91"
"부고","부고訃告죽음 그 이면","9.85"
"러비스LUVIS","넌 너대로 빛나!","9.80"
"다이아몬드갓수","액션/어드벤처","9.68"
"순진한로웰씨","회사로망 일상툰★","9.86"
"유치원신드롬","공포의 유치원","9.59"
"러보얌♥","러보얌+행복한크리미","9.76"
"저승화랑이야기","이승과 같은 저승","9.91"
"나주금입니다","유령의 상냥한 위로","9.89"
"메멘토모리","죽음을 기억하라!","9.92"
"크라이시스","이능력 판타지","9.79"
"히어로전우치","한국형 히어로!!","9.61"
"14년만에핀해바라기","K-POP","9.71"
"그라티아","엑소시스트 판타지","9.55"
"50m","오십미터","9.51"
"이름을빌려드립니다","我的名字","9.76"
"지나치게달콤한","알바생과 아이돌의 지나치게 달콤한 이야기","9.89"
"브리즈","고교야구 성장스토리","8.82"
"쩜오라이프","1.5평 생활기","9.87"
"이상적인관계","심쿵! 캠퍼스로맨스","9.89"
"아재소녀","시즌2 !!","9.71"
"나의스위치메이트","여자가 된 남자","9.90"
"남자들이나를좋아해","내인생의 모든인연","9.72"
"아무래도좋은","아무래도 좋은이야기","9.90"
"개천사","어느 날 화가 났다..","9.90"
"가라사대","기독교타파?개그만화","9.65"
"꿀벌과아카시아","달콤녀 꿀벌남 찾기","9.78"
"샤카!","주짓수 성장 만화","9.04"
"레퀴에스","이세계식당 개그물","9.23"
"강한사랑","대학교 개그 로맨스","9.88"
"나라구한전생","나라를 구했습니다.","9.90"
"보통의외톨이","다다 DADA","9.89"
"종이비행기를날리면","첫사랑을 다시 만나러","9.83"
"극세사탐구생활","일상탐구개그만화","9.85"
"사랑비","누구나 하나쯤은 간직하고 있는 러브스토리에 관하여","9.15"
"짝사랑기승전결","평범한 짝사랑이야기","9.80"
"스피너즈",".","9.58"
"GO!라니","(연재중지)","9.88"
"봉황의원","철없는 주작 성장기","9.53"
"쿨내나는연애","쏘쿨한 로맨스 웹툰","9.89"
"바리이야기","판타지","9.88"
"필","필의 이야기.","9.86"
"파도의색깔","판타지 성장 만화","9.89"
"(구)신의태궁",".","9.86"
"익숙한땅콩들","소소한 청춘","9.84"
"색깔전쟁","색이 사라진 세상","9.83"
"디센트","동양판타지 학원물","9.85"
"마야","첩보 스릴러","9.69"
"빅맨","208cm거인의농구","5.78"
"이상한사무실","디자인 회사 이야기","9.75"
"우리!지구를떠나자!","지구미남 납치작전","9.68"
"덕후커플보고서","덕후 커플의 일상","9.88"
"엘리자벳데일리","매일매일, 아슬아슬 with 엘리자베스","9.81"
"HelloDeath![헬로데스]","세상엔신들이너무많아","9.83"
"절교여행","절교여행 버라이어티","9.82"
"박하의효능","비밀을 알아버렸다","9.69"
"일상난담","수욜 일욜 연재","9.27"
"투하프데빌","악마들의 코믹한 이야기","9.54"
"두세기","두세기 사이의 진실","9.75"
"성형술사","만지면 변한다!!","9.82"
"마루누리","고구려 왕자의 성장기","9.88"
"보라(LookAtMe)","학원 잔혹극","9.24"
"사물놀이-부서진악기-","한국형 판타지스릴러","9.91"
"지구와사람과동물","지구와 사람과 동물","9.88"
"용사님을사랑한힐러님","잔잔한 판타지","9.88"
"검은인간","변해가는 몸","9.90"
"모자장수아가씨","모자장수 아가씨","9.75"
"산타공무원","강동구씨의 이야기","9.91"
"환상여행","단편 모음집","9.90"
"퍼머넌트옐로우","27살, 동화는없다","9.32"
"컬러커플:extra","컬러커플 외전!","9.83"
"제임스널저주해그리고사랑해","감성로맨스스릴러","9.66"
"신의계약서","이세계 신의 이야기","9.62"
"날마다끄적끄적","고요히 산다는 것","9.88"
"Tillythespikyhands","뾰족뾰족 포크가족","9.88"
"다르디움","기계와 마법의 세계","9.87"
"공상과학스포대전","스포츠만화의 이단아","9.40"
"청부업자와소년의이야기","청부업자와 소년의 잔잔하고 슬픈 이야기","9.88"
"로동심문","탈북민 용철씨의 좌충우돌 남한 정착기!","9.87"
"보람특기고등학교",".","9.88"
"미친꽃은답도없다","자유연재","9.83"
"당신의한순간","#심리#영혼#힐링","9.82"
"저주라는이름의축복","← 키안 (♂)","9.86"
"어쩌다보니용사가","용사가 허접 쩌리?","9.62"
"최강의악마","될 수 있을까?","9.88"
"옴니버스열애설","연시뮬을 만화로!","9.85"
"슬로우템포","본격 심령 로맨스","9.74"
"죽는날까지","가장 나쁜 영웅","9.89"
"현악4중주-콰르텟","어떤악기의 레이져포","9.56"
"허니버니",".","9.90"
"방과후베이스볼클럽","드라마틱 베이스볼","9.69"
"디바이스","게임 폐인이 게임을 통해 성장하는 이야기","9.84"
"긴생머리","과거와 갈등..연애","9.59"
"메리고라운드","개그 육아 일상","9.90"
"어쩌다간호사","간호사 공감툰.","9.76"
"호가비","소녀와 호가비","9.85"
"라서드","모험 액션 판타지","9.77"
"멜팅포인트","","9.81"
"사분의일","잇걸과패션테러리스트","9.87"
"사람사이","청춘들의 현실로맨스","9.47"
"재와먼지의시","어떤 장의사 이야기","9.81"
"헬58","지옥같은섬 58아일랜드 (속칭 헬58)","9.52"
"얘보단일잘하겠지의'얘'","사회생활 꺼져","9.78"
"이몸은신이니라!","카이즈","9.61"
"킥오프","열혈 풋살 웹툰","9.73"
"오!덕후를위하여","덕심충만, 취향존중!","9.89"
"그가내가되었다","도플갱어","9.73"
"언니","언니만화(완결)","9.89"
"지옥의주인","귀신의 싸움.","9.25"
"나,주태희","임신을 원하지 않아","9.68"
"슬프게도이게내인생","사회초년생의 일상툰","9.85"
"낮게날고있는연","토요일 연재중","9.57"
"아무것도모르지만","매주 토요일 연재","9.80"
"다이어트는내일부터","사랑을 위해 남자가 다이어트 하는 만화","9.69"
"개구리공주","학원판타지","9.89"
"쓰레기마일리지","매주 수요일밤 연재","9.65"
"겨울과봄사이","극과 극인 그들사이","9.87"
"살인마들","살인마들이 만났다.","9.89"
"프로짝사랑러","감성로맨스인척","9.59"
"이시미이야기","이무기이야기","9.58"
"야수와줄리엣","드라마로맨스판타지","9.89"
"빌리다이어트","개고생 다이어트","9.82"
"어둠이내게오면","어둑서니와 소녀이야기","9.87"
"정스스토리","정스의 제주 이야기","9.40"
"망령왕이","보스 몹 육성기","9.52"
"양푼비빔밥","남들과 비슷한 일상툰","9.79"
"소녀연대기","중3소녀 학교성장물","9.71"
"고스트월드","2% 어설픈 고스트들이 모여사는 고스트월드!","9.59"
"구남친톡","구남친과 로맨스","9.86"
"스트리트킹","일상농구만화입니다","6.53"
"카리스마","신의 축복 카리스마","9.90"
"모롱하게!뜨개하게!","전국민 뜨개인 양성 프로젝트!","9.03"
"소녀와동박새","소동을 피우다.","9.84"
"등교하는근식이","목숨을 건 개근일기","9.89"
"막역지우","삼총사","9.81"
"한글을그리다.","한글로 그리는 그림","9.84"
"아내가임신했다","결혼출산장려만화","9.88"
"수호령","문을 지키는 영혼들","9.90"
"너를그리다","우리들의 사랑이야기","9.65"
"연고남","연애 고자 탈출기","9.67"
"마틴:그림그리는기사","중세풍 판타지드라마","9.91"
"박하이야기","눈이보이지않는 소년","9.90"
"적절한교환일기","약간 이상한 여행","9.85"
"게이트","게이트","9.76"
"백설:잔혹동화","백합 로맨스","9.87"
"큐레이터","유물 관리단","9.73"
"빌런즈","빌런들 이야기","9.89"
"공룡러버즈","장거리 국제연애","9.56"
"내마음하늘하늘","모쏠남의 짝사랑","9.68"
"B.O.B(bestofthebest)","3x3농구최강도전기","7.97"
"하늘의가녘","괴물과 싸우는 인간","9.89"
"헬로도사","도사와 미아망자","9.84"
"캔버스","청춘 로맨스","9.84"
"나는토끼를키운다.","토끼 키우는 만화","9.88"
"뱀파이어수난시대","뱀파이어 수난시대","9.75"
"AIR","붉은눈을 조심해.","9.89"
"양배추숲","자연감성 시골만화","9.90"
"피곤한직장인일기","하루 두 컷 일기","9.90"
"엑스프렌즈","이별 사연 에피소드","9.87"
"연애못하는여자","연애 못하는 여자들","9.82"
"심야알바","만화가의 맥주집 알바 이야기","9.85"
"미합중국생존실태보고서","미국 생존 버라이어티 일상툰","9.82"
"신들을부탁해!","구슬로 인생치기","9.80"
"WINGS","날개를 가진 자들","9.81"
"하루끝에","20대","9.77"
"유사소년소녀","내가 유사능력자?!","9.88"
"클릭금지","클릭금지","9.76"
"오늘도무사히","간호사가 들려주는 수술실 이야기","9.87"
"HometoHome","보건소방문간호사일기","9.86"
"데빌런","쩌리파티 도전기","9.76"
"성지순례왔습니다","트라우마 극복기","9.75"
"하루의천사","천사의 인간실습 생활기","9.87"
"로베스의완전감각","감정을 찾는 모험.","9.88"
"오늘할래?","학교 E스포츠부","8.51"
"그남자의네일공간","후니가 알려주는 네일레시피","9.74"
"오늘은비","완결 끝!","9.91"
"알바가아니야!","본격 레스토랑 만화","8.38"
"이차원의테라리움","영혼을 받았다","9.53"
"이길수있어","청춘 농구만화.","9.46"
"나는사람입니다.","좀비생존만화","9.87"
"Alone","[스릴러]","9.80"
"마킹!!","스트리트 바스켓볼","9.24"
"바보요정웽","바보요정Wooeng","9.89"
"우리들만의싸이커","프리스타일축구만화","7.83"
"바사무엘","판타지 드라마","9.89"
"시크릿가족","성교육웹툰!!","9.88"
"서유기","손오공 이야기","9.85"
"아빠랑춤출래?","담백육아만화!","9.87"
"제카y제카툰","젴스러운 일상툰","9.81"
"뎐스러워","늘 배고픈 청년 뎐","9.52"
"벚꽃과불꽃","다른 세계?","9.88"
"굿바이나의가디언","그들의 일상생활 판타지","9.64"
"대란(大亂)-1부갖춘자와갖추지않은자","1592년 임진년 음력 4월 13일. 건국 200년 만에 위기에 처한 조선을 2017년에","9.84"
"4월,벚꽃우리들","벚꽃 흩날리던 4월의 어느 날, 우리들의 이야기","9.89"
"할짝심리학","심리학 겉핥기","9.90"
"향기를입다","남자의 변신은 무죄","9.34"
"뚜바비앙","뚜바비앙","9.90"
"인삼류","인삼류","9.47"
"U.S.P.O.","이능력자들 사는 이야기","9.49"
"마고령","판타지 무협활극.","9.85"
"배럴","본격 다트웹툰","9.50"
"혼밥,혼술,혼자사는이야기","혼밥, 혼술, 혼자 사는 이야기","9.90"
"새을비전","깨어나세요, 도사여!","9.86"
"검은선","17살 선이의 나날","9.86"
"미래의너에게","미래를 보는 소녀의 로맨스","9.89"
"내여동생은귀여워","사이좋은 남매의 일상 이야기.","7.17"
"옹","아니 그게 아니라","8.87"
"봉순이일기","봉순의 평범한 일상","9.84"
"홍할홍할","★개그 힐링툰★","9.86"
"흑묘","검은 고양이 사냥꾼","9.73"
"초월!집사소녀!!","액션배틀집사성장만화","9.54"
"오리씨와이글군","오리 아빠와 독수리 아들의 일상","9.85"
"미즈라태양의성","쫄깃탄탄 환상서사극","9.91"
"내남친은이세계를구한용사님!?","용사여친의 대학생활","9.86"
"채소담","채지니의 일상툰","9.71"
"쁘아쁘(PeuAPeu)","조금씩","9.87"
"나의작업실","웹툰작가가 꿈인 도민우(25) 그가 카페에서 하루종일 그림을 그리면서 생기는 일상 러브코미디","9.85"
"따뜻한나의코코","우리들을 위한 이야기","9.90"
"단짠남녀","굶지 말고 사랑하기","9.89"
"데일리프랑스","프랑스 일기","9.90"
"마키시의이웃들","와장창","9.86"
"토끼","토끼야 안녕.","9.74"
"주간도시기담","공포개그만화","9.38"
"저승탈출넘버원","환생 안 합니다.","9.25"
"초식고등학교","초식동물 학교에 곰이 전학 온다면?","9.88"
"비너스","SF 대모험 활극","9.28"
"극한고딩","하드코어 스쿨라이프","9.89"
"королева(퀸)","액션,느와르","9.82"
"루나샵에어서오세요!","마법용품가게 루나샵","9.89"
"묘(猫)하게이끌리는","고양이 저승 판타지","9.80"
"그앨리스에게판타지란없다","이상한 동화 판타지","9.89"
"아케미아아카데미","연금술사,학원물","9.90"
"그악나천","순정만화의 정석","9.52"
"가족같은회사","완결","9.86"
"신선마트중간계지점","얼렁뚱땅 세상나기","9.89"
"점핑오버","찌질하지 않아","9.70"
"고양이툰","적당히 꽃 같은 만화","8.69"
"체크메이트더게임","지상과지하,인간체스","9.56"
"우리들의트로이메라이","리메이크 본 백업","9.89"
"DOLL","인형술사, 재봉사, 마녀.","9.90"
"마음과마법의반비례","마법학교 적응하기","9.87"
"24","원본, 도플갱어","9.36"
"오리의호수","성장기 장편 드라마","9.39"
"나오의결계","일상 판타지","9.73"
"열일곱","업뎃","9.57"
"히어로키-악의돼지삼형제ReMake","악당, 히어로 되다","9.59"
"사가","영웅들의 이야기","9.62"
"Pleasekissme,Princess","엘라와루이스의 모험","9.90"
"더블랙LABEL","여성느와르","9.90"
"나도예쁘고싶다","예뻐지고 싶다.","9.79"
"잘부탁해,얘들아","일상,개그물","9.90"
"참새는새신부!","폭신달콤한 로맨스","9.80"
"호곡","조선의 왕 천군이 사라지고 3년 뒤... 한 소녀가 나타나다","9.14"
"사도신여랑傳","사도 신여랑전은 격주 토요일제 입니다","9.59"
"세피아","#스파이 #액션 #능력물","9.86"
"마고","동화의 재구성.","9.89"
"최초의다정","은하계 의료 판타지","9.82"
"너도날좋아해줬으면","사랑의 잔향","9.88"
"니친구김저키","김저키의 험난한일상","9.72"
"누나가돌아왔다!","농촌 로맨스","9.77"
"파리에서살아남기","파리 일상툰","9.83"
"어쩌다여고","여고 → 남녀공학","9.79"
"이매무당전","강한 힘을 가진 인간과 힘을 잃은 도깨비의 힐링드라마","9.90"
"신세기단편동화","감성 스토리","9.89"
"이계리턴즈","이계리턴즈","9.85"
"요조신사마초숙녀","힐링로맨스목요일연재","9.75"
"도시남녀제주라이프","도시커플 제주이주툰","9.67"
"잘가,좋은아침이야","소녀 돌아오다.","9.87"
"미친악마","선녀와 악마 환생!","9.84"
"개를낳았다~만남부터이별까지~","나는 개를 낳은 개엄마입니다.","9.89"
"피그말리온","Pygmalion","9.88"
"너는내게","청춘 로맨스","9.89"
"새는시간을난다","환상을 보는 남자","9.89"
"인더섀도우","그림자 이동 초능력","9.89"
"지천명단편집","어서오세요.","9.75"
"인수니즘코믹스","세번째 삶","9.79"
"마도","중세 판타지","9.74"
"저주인형","판타지 일상 로맨스","9.89"
"숨은연애찾기","어디있니, 내사랑!","9.74"
"너에게까지시속100km","사랑에도 속도가 있다면 너에게까지 달려가는 내 속도는 100km야!","9.85"
"회색문:괴담","괴담 만화","9.83"
"차원의소녀","저주의12가지이름","9.89"
"니플헤임","지하,지상의 이야기","9.86"
"애니멀다이어리","소심녀학생 성장로맨스","9.71"
"공략개시!!","현실공략게임","9.88"
"일기장","짝사랑","9.88"
"오늘도냥냥냥♪","컴백냥♪","9.87"
"달콤포근베이커리","맛있는 로맨스","9.82"
"드리머즈","드림워커들의 이야기","9.00"
"호랑이와해님달님","<해님달님> 제2장","9.88"
"네가내천사라고?!","천사 맞아?","9.87"
"동물의왕국","주인공의 파트너찾기","9.80"
"컬러풀","너의 감정이 보여","9.83"
"선수들","대한민국 선수들의 이야기","9.65"
"페이퍼","능력은 완성되어 가는것","9.81"
"502호의묘책","냥이와일인족이야기","9.89"
"가비도령","가비와 도령의 모험","9.67"
"100%의연인","보통의 연애","9.89"
"꾼대꾼","천상꾼이 되려는 꾼","9.85"
"날개있는천사천씨청년","천사를 만나다","9.88"
"송곳니가족","소설툰 (읽는만화)","9.38"
"컬러리스트","연극동아리","9.85"
"뷰티풀맨","한 남자의 인생","9.79"
"상냥한녀석들","캠퍼스 로맨스","9.79"
"괴신","모두 , 괴신이었다","9.87"
"CafeOK","어떤 카페의 주인장, 명랑한 고양이 비비와 과묵한 매력을 지닌 늑대씨가 풀어가는 일상 이야기","9.88"
"저승길잡이","이승과 저승의 경계","9.90"
"희망사항","소녀의 일기장","9.86"
"그리고아무일도없었다.","그녀석과 만난 이야기 학원개그로맨스","9.83"
"스펙터즈","근미래 이능력팀배틀","9.90"
"SaveMe","자존심싸움","9.86"
"그냥엄청난판타지","뻔하지 않은 개그 판타지","9.83"
"보급형콤플렉스","보급형 내 인생","9.90"
"신라의달밤","솔직하고 당찬 신라 소녀 김만월!","9.89"
"우주인미밍일기","귀염터지는힐링물♡","9.90"
"용사를찾아서","용사를 찾아서","9.37"
"회장님","회장님의 첫사랑♥【시트콤같은 4컷개그】","9.61"
"카페레","십년치 일기","9.85"
"오늘부터다이어트","오늘부터 다이어트","9.87"
"쿨쿨상담","쿨하지 않은 연애담","9.86"
"내안에깃든너","최강의 귀신. 인간에게 깃들다.","9.90"
"너인듯네가아닌","SF 순정만화","9.89"
"이상의세상","이상한 놈들의 동거","9.16"
"풍월주","스릴러","9.84"
"AnimalToday(애니멀투데이)","그냥 동물 개그만화","8.94"
"안녕,호두","호두의 소소한 일상툰!","9.90"
"러블리러브","사랑에 빠진 것을 아무에게도 말하지 않는","9.60"
"5kg을위하여","5kg을 위하여!","9.89"
"우리남매의일상은","남매들의 화려한 일상.","9.88"
"이웃집성녀님!","세계를 구한 용사와 성녀! 특별한 그들의 별볼일 없는 이야기!","9.54"
"가담가담","학원암살물","9.89"
"긁지않은복권","날씬 복권","9.89"
"잃어버린시간을드립니다","시간을 모으는 남자들 ::: 금요일연재","9.86"
"긁적긁적","가려울 때도, 겸연쩍을 때도, 심심할 때도 긁적긁적.","9.43"
"그래도행성은돈다","자전이랑 공전한다","9.27"
"윙","도사가 되어라! 모험 판타지","9.59"
"신화의나라","신화를 잇는 이야기","9.78"
"오늘의양송","양과 송 부부의 즐거운 나날들","9.81"
"계약우정","삼포세대 비긴즈","9.87"
"인어의연못","인어를 만나는 남자","9.90"
"PANDEMIC","모두의 이야기","9.83"
"재건!마왕성","파괴된 마왕성을 재건하라!","9.87"
"INCURSION-나락의도시","[본격좀비건축만화]","9.76"
"하늘에핀동백꽃","변화와 변화의 이야기.","9.88"
"개포트","동물병원 이야기","9.88"
"별▶주부전","현대판 별주부전이 시작된다!","9.86"
"낭랑18세","남자가 꼬인다?","9.86"
"뚱뚱이탈출기","닭살순정만화","9.76"
"너를위해","조금 특별한 사랑이야기.","9.89"
"식스틴",".","9.87"
"이제오냥?","순살 크런키 치킨과 가족들의 이야기","9.84"
"생각하는정이","일상을 그려나가요","9.86"
"AngryRanger","○● AR","9.87"
"다시만나요","현실이 된 너","9.26"
"싱글리틀파파다이어리","대학생 육아일기","9.88"
"동물마누라","내 아내는 동물입니다.","9.77"
"연애를못하는남자","승우의 연애 성공기","9.85"
"무슨일이에요?","whats going on?","9.77"
"철없는수의대생의일상","공부 언제 하냐!!","9.89"
"한참연하","..","9.65"
"여름밤에문을두드린산타","사람이 된 고양이와 개","9.88"
"뱀프브라더스","뱀파이어와 인간사이","9.88"
"AMOR","뱀파이어","9.73"
"행복을입혀드립니다","행복을 만드는 옷쟁이","9.90"
"옆집에신이산다","로맨스 판타지","9.72"
"달란트","장애인의 초능력..","9.90"
"고교생을환불해주세요","누가 내 인생 환불 좀!","9.90"
"오늘과내일의경계","괴물 몽마와의 사투","9.89"
"자살방지위원회","자살을 원하는 사람들 이야기","9.90"
"그를좋아한다",".","9.86"
"커먼라이더스","로드사이클을 타는 평범한 사람들의 이야기","9.71"
"룽과크리스","자칭 중세배경의 의사와싸이코의 이야기.","9.87"
"안녕도깨비","우리 마을에 도깨비가 산다?","9.87"
"꿈조각꿈","꿈조각꿈","9.88"
"나루아씨전","동양판타지","9.86"
"꼬리","-","9.68"
"뱀블러프","- 씨가 말라간다.","9.75"
"남조선일기","똑같으면서도 완전히 다른 한반도, 윗동네 친구들의 남조선 표류기","9.73"
"Mega디저트4총사","모든 것은 디저트로 연결되나요?","9.65"
"우린NPC다","NPC들의  개그판타지","9.68"
"소온치이야기","소온치 이야기","9.66"
"FREEKICK","청춘 프리킥!","9.79"
"피플","액션 스릴러...","9.84"
"등선(登仙)","도사에서 신선되기","9.50"
"MY0호팬(마이영호팬)","아이돌 순정","9.86"
"친해져요금봉씨","시골마을에 괴물이?","9.84"
"요리GO",".","9.86"
"향기방기연애일기","엉뚱발랄 연애일기","9.70"
"학용품대전","학용품 배틀물","9.75"
"천상의전령사","죽음을 통보하는 편지를 배달하는 이야기","9.49"
"바스티아대륙이야기-마왕의대륙-","리얼중세판타지","9.42"
"노미를잡아라","의문의 소녀 노미","9.63"
"무한의팔라무트","왕들의 이야기","9.80"
"크림슨크로스","스타더스트","7.94"
"멋지다고해줘!","남자시점 순정만화","9.49"
"루벤스와푸생","악연이라 생각하는 남자와 인연이라 생각하는 여자의 지독한 현실 속 사랑이야기.","9.27"
"너를들을수있는","조금 특별한 동거","9.83"
"뜨뜨미지근한","일상의 차갑거나 따뜻한 이야기","9.86"
"대디보이","열혈 본격 학원 육아물","9.73"
"나비리본","죽기 전의 스토리","9.78"
"도깨비하우스","수상한 하숙집","9.83"
"그녀의첫사랑","그녀, 첫사랑과 재회하다","9.50"
"기타등등의연애","신데렐라가 아닌 평범한 우리의 연애 이야기.","9.69"
"꿀렁한하루","닥스훈트 영식과 도롯씌의 하루","9.60"
"가출천사육성계약","Beyond HELL","9.90"
"뱀파이어친구","뱀파이어인 친구와 뱀파이어의 친구","9.88"
"링거","저승사자가 된 소년","9.73"
"봄에꽃한송이","한송이의 성장이야기","9.90"
"더리턴","새로운 만화","9.80"
"주경야dog","낮에는 일하고 밤에는 우리 집 강아지를 탐구합니다.","9.85"
"업사이클다이어리","버리면 애물단지 손대면 나만의 예술작품","9.71"
"방백남녀","남녀의 우정","9.30"
"백조의호수","은둔형 외톨이 백수 로맨스만화.","9.80"
"브리스크펄데이즈","당신과 함께 걷고 싶었던 그 화창한 가을의 나날. 그 모든 시간을 추억하며...","9.02"
"마녀는그렇게죽었다","우리가 모르던 마녀의 이야기","9.83"
"여대생차오름의천사","히키코모리 여대생 ""차오름"", 그녀의 눈 앞에 ""미야""라는 꼬마 천사가 태어난다.","9.89"
"카인의표적","악마의 표식을 얻은 자들의 싸움","9.85"
"춘향전설","조선시대 학원액션물","9.74"
"아이엠헝그리","마법소녀 이야기","9.79"
"여대생의정석","평범한 일상","9.87"
"홍차리브레","홍차영의 서툴지만 설레이는 하루","9.89"
"벨벳모멘트","역사성 판타지액션","9.32"
"도깨비를키우는방법","도둑과 도깨비","9.83"
"괴괴괴괴괴","괴기한 이야기들","9.79"
"협주곡","감성 스릴러","9.89"
"오늘뭐해먹지?","음식을 통해 인생을 들여다 보다.","9.85"
"도니월드","카툰초보 아저씨의 좌충우돌 일상기","8.21"
"1인용기분","오늘, 우리의 기분","9.88"
"획","역동(力動)","9.86"
"검은소","요괴 마을","9.84"
"멋져!김치가이","푸드맨들의 등장!","9.89"
"고양이별,지구별","집사 공감 일상툰","9.79"
"이세계용사랑마왕뭐그런거알잖아?","안 흔한 이세계물","9.88"
"옥상난간에엄지발가락","게으른 청춘의 일상이야기","9.73"
"WaNDerer","그들","9.87"
"일요극장","아마도 일상 판타지","9.65"
"12HOURmonster","-괴물이  있었다.","9.84"
"난다고시원","가로 1.5m x 세로 2.2m 1평도 안 되는 고시원방  그 안에서 벌어지는 좌충우돌 코믹감동 드라마!","8.96"
"주먹꾹","고양고양한 이 친구들을 만나보세요","9.90"
"드래곤레이디","저의이름을 말해주세요.","9.72"
"AI폰아리랑","AI폰 아리랑","9.89"
"평범한(?)지구인들","일상툰","9.75"
"볼트(VOLT)","SF 액션 판타지","9.74"
"지오코소가난뱅이","음악성장만화.","9.89"
"비공식공동체","각각 다른 개성을 가진 그들의 모임 비공식 공동체 !","8.90"
"어글리후드","내가 외계인이니까","9.90"
"노곤하개","아주 노곤노곤하 개","9.88"
"내낡은서랍속의일기장","글/그림 - 정향준","9.87"
"홍시는날좋아해!","안녕하세요, 홍시예요!","9.89"
"힘을내요노모파워","나이든 엄마의 육아일기","9.87"
"상그미상","일상툰!","9.88"
"푸므로달려와","아빠와 딸","8.88"
"달기알","달걀 닮아서 달기알.","9.88"
"이별일기","사랑의 끝은","9.80"
"소녀가여행하는법","여행장려웹툰","9.86"
"곤충전","판타지","9.87"
"북극곰자리","한 컷 동물 우화","9.72"
"슈넨베리아","쌍둥이 이야기","9.87"
"적막소녀","령을 보는 소녀","9.86"
"좀비인간","국내에 퍼진 좀비 바이러스, 그 실체는?!","9.81"
"아기낳는만화","쉽지만은 않았던 임신 이야기","9.88"
"지옥으로부터의나날들","커플지옥","9.41"
"크리스마스이브캔킬유","크리스마스날 저는 하루종일 코만 풀었습니다.","9.70"
"옆집여대생","순정웹툰","9.81"
"사랑의모양","동물귀 좋아요","9.53"
"빅보이","거대해진 소년의 이야기","9.88"
"종말의왕국","모든 것을 잃은 남자 ‘제임스’ 의 생존기","9.58"
"사냥꾼과최형사","현대판 현상금사냥꾼","9.58"
"꾸숑의폭식니즘","배고프진 않은데, 그냥 먹어~ 이런 분들.. 모두 손!!!","9.73"
"짝사랑","그땐 미처 몰랐지","9.37"
"바람에남긴기억","마법의 세계","9.84"
"HAVEANICEDAY","일상을 그린 이야기","9.78"
"송양게스트하우스","양 아가씨","9.75"
"론즈(Lons)",".","9.82"
"한라지강","이중소녀","9.89"
"이왕이면감사","네컷만화","9.76"
"해결사","해결사를 하는 소년소녀의 일상물","9.88"
"사춘기소녀커플즈","커플즈","9.81"
"사이어미즈","어새신 느와르","9.75"
"10월28일","같은 하루가 반복된다.","9.89"
"나를깨우러온","꿈으로 사라져버린 사람들, 그들을 되찾아오는 사람들","9.90"
"엘카림이들어줄게!","무쇠와 강철이 두부 가르듯 썰리는 SF+판타지 액션.","9.69"
"3분의1","엄마의 암투병과 바라보는 가족들의 속마음","9.87"
"던전의주인님","기다려왔던 이세계 환생! 쪼렙이라고 깔보지 마라, 인생은 실전이다!","9.88"
"외인","유령이 보이는 여고생과 흡혈귀의 일상","8.57"
"달콤쌉쌀,민트","첫사랑은 치약맛?","9.88"
"그대곁으로,","+그대 곁으로,+","8.41"
"LSD","게임개발팀이야기","9.86"
"오늘,뭐했어?","일상 에피소드","9.70"
"좀비와함께밥을!","배가고프다","9.89"
"겨울에웃는꽃","연기 만화 (feat. 천재/먼치킨)","9.86"
"나나의교환학생이야기","터키로 떠난 나나!","9.88"
"엘프하프","엘프 에루의 이야기","9.85"
"BO고또'보'고","보토끼의소소한일상","9.03"
"서른되면뭐달라질줄아냐?","서른 넘어도 달라지는 거 하나도 없다.","9.86"
"로어스쿨","액션 소년만화","9.89"
"중고팔레트","수상한 가게 이상한 물건","9.84"
"반짝반짝왕자님","반짝반짝 빛나는 왕자님과 독특한 친구들의 고교생활 이야기","9.89"
"버블티","세 여대생들의 달콤하고 쫄깃쫄깃한 이야기 들어보실래요?","9.79"
"내가황제를만났을때","손발이 사라지는 마법","9.68"
"SAURUS","공룡 드라마","9.76"
"언데드의사김해골","던전의 몬스터의사 김해골","9.90"
"옥탑빵","미용실 2층 옥탑빵 이야기","9.90"
"스페셜게스트","순정시대","9.82"
"봄비","학창시절 첫사랑","9.76"
"컴벳필드","컴벳 필드에서의  서바이벌 게임","9.63"
"티안","모험 액션 판타지","9.86"
"옥탑방갑남을녀","동거는 어려워","9.87"
"상상클럽","우리들의 상상이야기","9.86"
"사적인거리","사적인 애들","9.86"
"돌아와리즈!","리즈시절로 되돌리기!","9.77"
"나이베디야","소녀의 성장 판타지","9.85"
"우리집","성장 드라마","9.72"
"마음을훔치는여자","사람의 마음을 훔칠 수 있다면?","9.73"
"스프토랑","그냥 스프집이야기","9.77"
"오늘,응","꿈꾸는 프리랜서 응의 소소한 오늘.(자유연재)","9.77"
"돌팔이작명소","이름 지어드립니다","9.56"
"골란기-시발섬의식인종들-","[판타지] 천상 대전쟁","9.79"
"궁디팡팡토로토로","고양이 일상툰","9.28"
"너란꽃을피워줘","순정 판타지","9.80"
"검의계승자","7개의 검과 그 검들이 존재하는 이유","9.88"
"그대첫사랑","내 친구의 남자친구","9.87"
"LOVEFIVE!","체육과에서 펼쳐지는 좌충우돌 러브스토리","8.90"
"매구인게어때서?!","판타지 러브코미디","9.84"
"오늘도버섯전골","버섯인간들에 인간같은 일상 이야기","9.52"
"내손잡아줄사람","리메이크","9.83"
"걸어서30분","매주 금요일 귀갓길 30분 동안의 학원 로맨스","9.90"
"오타쿠의일상","오타쿠의일상","9.73"
"무쇠","삐뚤어진 <갑조선>아 기다려라. 무쇠가 간다.","9.78"
"바람을실은메아리","세상을 속인 스캔들","9.52"
"암흑도시","개그하는 조폭.","8.89"
"청춘고딩","이러쿵저러쿵","9.68"
"우리오빠는아이돌!","덕계못이라고?!","9.84"
"후크","후크의 혁명기","9.87"
"식물생활","초록초록한 일상 만나기","9.80"
"루턴-paststory-","10년간의 혁명 이야기.","9.85"
"그래일기","그래이야기","9.87"
"잘지내나요?","잘지내나요?","9.80"
"흔하지않은로맨스유형","청춘남녀 4컷만화","9.91"
"그림그리기좋은날","만화같은 로맨스","9.89"
"바퀴!","에나멜, 링크, 쉐퍼드","9.57"
"은해갑을깝치","은해, 갑! 깝치, 을!","9.25"
"좋아하는부분","빠져드는 부분","9.87"
"붉은끈","귀신을 보는 두 남자 이야기","9.76"
"집사람","보통 집사람의 짧은 하루이야기","9.87"
"떠나가리","어디로든 떠나는 가리의 여행이야기!!","9.54"
"플라워","소년소녀들의 이야기.","9.67"
"간떨어지는동거","구미호와 동거하기","9.87"
"연필의각도","선생님과 제자","9.87"
"얀카툰","4컷 개그 판타지","8.85"
"원주민공포만화","공포, 기가 막힌반전","9.84"
"지울수있을까?","과거로 인한 트라우마, 반복되는 꿈. 과연 지울 수 있을까?","9.90"
"롼든girl","철없는 서울 촌녀자의 세상사는 이야기","9.58"
"애니멀팜!","반은 동물, 반은 인간.","9.87"
"어항속꽃밭","어항속 꽃밭","9.85"
"발렌타인데이","남자는 모르지만 여자가되면 알수있을지도?!","9.69"
"가드","쏘울봉","9.41"
"헌댁이되기전에","백수 부부와 길바닥 출신 고양이의 평범한(?) 일상툰","9.79"
"스쿱스","우주모험활극!","9.55"
"망상되감기","아이들은 성장한다.","9.91"
"고양이와집사","조금은 특별한 반려동물 이야기.","9.74"
"꾸까는엉망진창","꼬마마녀 의 일상","9.86"
"하아의하루","강아지 일상툰!","9.86"
"너를싫어하는방법","이것 참 난감한 짝사랑","9.90"
"주부1.5단","주부아닌 주부이야기","9.83"
"IDOLFAN","은둔형 외톨이인 성하는 KEZZ의 팬사인회에 가기 위해 집 밖으로 나오게 되는데..","9.56"
"그대라서","ich liebe dich","9.87"
"북극의밤","어느 한 천재 소녀 작가가 겪게되는 10개월 동안의 비밀 이야기","9.56"
"데드위크[DeadWeek]","미드풍 액션 좀비물","9.79"
"언원티드","찐따↔전세계 재벌1위","9.88"
"찬란하지않아도괜찮아","찬란해야 할 것 같은 청춘, 하지만","9.79"
"사이클","포스트 아포칼립스","9.88"
"닥터관찰일지","좀비와 동고동락","9.86"
"봉쥬르보리","봉쥬르","9.36"
"스타더스트","우주구조대!버텨라!!2년!!","8.88"
"별의아씨","-","9.61"
"왕과나","조선시대 학교생활","9.85"
"식욕로맨스","먹잇감 여주와 본격인간먹방?남주","9.88"
"우리집에놀러와!!","이상한 애들이다","9.85"
"불꽃에휘날리다","최초의 소방 극화","9.84"
"아라비안스위트","사막에서 벌어지는 순정 판타지","9.79"
"소시민","소심하고 잔망스러운 일상사","9.88"
"경계인","어둠에 속해있던 명준은 빛의 세상으로 들어갈 수 있을까.","9.59"
"달빛속에그대가","조용한 시골 마을. 알비노 소녀. 평범한듯 평범하지 못한 삶.","9.87"
"여우들","작은 도둑들이 세상을 부순다. 여우들이라 불리는 도둑들의 이야기...","9.48"
"페툰(PeopleandPeopleToon)","판타지 연애툰","9.77"
"아가씨와우렁총각","커리어우먼/살림남","9.88"
"푸른사막아아루","순정판타지","9.89"
"격이다른남자","그 남자의 이야기.","9.88"
"연애학","나에게 필승법이 있어","9.30"
"요괴백정","리메이크","9.85"
"진지한고교생!!","진지한 학생들의 학원 청춘 코미디","9.82"
"아무마을대잔치","아무 마을, 아무 생각, 아무 말","9.86"
"잊지말아요","초능력 판타지 드라마","9.86"
"아머나이트","수인 / 판타지 액션","9.79"
"30일후","미래를 알게 된 남자 자신의 운명에 맞서다.","9.73"
"매일참는남자","남자라면 참고 살아야 할 것들이 너무 많다.. 그 중 가장 힘든 건...","9.64"
"기묘한기담","오래된 주술과 금지된 것들에 대한 이야기...","9.87"
"과격자매단","자매들의 일상 캐기","9.89"
"끝과시작","맴찢남 세정의 이야기","9.89"
"달리다굼","빛을 지닌 소녀","9.85"
"호됴됴됴","반려견 개그일상툰","9.89"
"정글라이프","절망과 희망사이","9.84"
"바람도그릴수있다면","쿠바에서 사는 이야기","9.66"
"봉다리","동네농구 이야기","9.62"
"에이디","에이디","9.86"
"그루버","본격! RPG 만화!! 그루브를 아는 그루버들의 와일드한 어드벤쳐!!","9.15"
"초하루밤의달맞이꽃","할게요, 신.","9.79"
"무역의왕","목요 업데이트!!","7.38"
"내일","죽음을 막는 저승사자들","9.89"
"트위너","전국민 농구 대회","9.84"
"살인방귀","코믹 웹툰","9.69"
"가가와자반이","평범한 우리 가족","9.64"
"귀엽잖아","귀여운 만화","9.86"
"하엔","추리/판타지/SF","9.60"
"헤이노르딕","스물아홉, 북유럽 여행~","9.86"
"용사갑,마왕을","갑을 관계의 그들","9.88"
"그냥조금불편할뿐인데","장애인의 꿈과 사랑","9.88"
"쓰리스쿨즈","이 동네 실세는 누구?","9.90"
"스페로스페라","사신 판타지","9.88"
"행쇼","짝사랑","9.77"
"나른해별곰","나른한 이야기","8.81"
"천진난만알바인생","카페 알바 생활툰","9.90"
"페탈(쥬브나일스)","탄생 메르헨","9.85"
"매일,제일","도저히 어울릴 수 없는 우리가...?","9.90"
"뱀이앉은자리","정식연재공지","9.74"
"모드스톤살인사건","모드스톤 살인사건의 전말","9.69"
"사여자","5일 연재♡","9.83"
"중매결혼","중매로 결혼하(려)는 이야기","9.47"
"마왕이되는중2야","마왕이 되는 중2","9.88"
"나이트메어","상큼하게 무섭다!","9.84"
"헨젤","지옥을 거니는 천사.","9.61"
"꽃이피면우리는","이로와는 이로와!","9.87"
"혼자사는여자","혼자사는여자의일상","9.85"
"언더페인팅","로맨틱 성장 드라마","9.89"
"단역:아무개","단역이 주인공인 만화","9.83"
"정상이되고싶어","정상의 친구만들기","9.86"
"도시유사현세전","판타지는 없습니다.","9.34"
"검은새","검은새 - 퇴마 에피소드 (화요일 주간연재)","9.80"
"웅덩이","3웅3색 이야기","9.13"
"고고픽션","신세계","9.78"
"용사의딸","평범하게 살던 하나의 평범하지 않은 학교 적응기","9.77"
"하늘하늘하늘!","현실 로맨스 판타지!","9.76"
"연두툰","그 때가 그리우신 가요? 2000년대 초반 초등학생 연두의 공감되는 일상 (매주 금요일 연재)","9.72"
"이역","이역의 이야기.","9.86"
"내가안했어요","살인사건 추리극","9.83"
"GIMS","왜인지 장르가 많다","9.88"
"네모네모-indosi","네모네모","9.82"
"달콤쌉싸름해","순정단편옴니버스","9.88"
"출근했습니다","출근해서 퇴근까지","9.90"
"하나린하나린","환생세계 판타지!","9.88"
"귀전구담","귀신이 전하는 이야기","9.90"
"헝그리블러드","신세대 드라큘라 가족의 이야기","9.82"
"굥이의하루","굥이의 하루","9.66"
"피카앤부","피카와 부의 동화같은 일상 엿보기^^","9.84"
"포르고드(FORGOD)","푸른빛의 판타지 드라마","9.86"
"소년사이코","사이코소년인 사이코의 일상","9.62"
"도담도담","신비한 능력을 가진 가족의 이야기","9.88"
"해프닝","투믹스 연재중","9.85"
"카타스트로피","공지","9.73"
"날지못하는악마","날못악","9.89"
"검은피의도시","EP.D","9.86"
"이것도친구라고","파란만장한 청춘 라이프","9.88"
"화귀","사람들이 사라진다","9.86"
"쌍둥이부부일기","쌍둥이처럼 똑닮은 부부의 알콩달콩 개그일기","9.87"
"범인에대하여","아름답지 못할망정 질척이는 로맨스","9.87"
"지구를움직이는소년들","Boys Be Ambitious","9.80"
"RUN","영웅이 없는 세상... 스스로를 구원하기 위한 소년의 하드보일드 복수극!!","9.79"
"블루믹(BlueMIC)","연재분업데이트","9.88"
"갑자기판타지","판타지책속으로 들어가다","9.85"
"눈치없는내친구!","캠퍼스 이야기","9.84"
"요스토리/죽음.그물","오랜만이에요","9.72"
"눈꽃","나의 반려묘가 사람이라니","9.84"
"생산직툰","생산직 업무를 하면서 느낀 재미난 에피소드를 4컷 만화로 담았습니다.","9.85"
"뷰티풀싱글라이프","이 남자가 만족하고 사는법","9.89"
"숨비","동성애자, 몽상가, 가출 청소년","9.82"
"겨울밤","묘단과 아람의 이야기","9.85"
"나고야","밤 낮이 다른 여고생 작가의 은밀한 복수와 스릴넘치는 성장기","9.58"
"흐려지지만선명하게","인연에 관한 세가지 이야기","9.68"
"무쇠후라이팬","무쇠팬 쓰는 남자!!","9.90"
"반지하셋방","자매의 자취생활","9.89"
"로보택틱스","AOS 게임 판타지","9.78"
"털털하지만괜찮아!","조금 털털해도 난 좋아.","9.23"
"드리머","액션판타지","9.41"
"퇴마부","와플, 우냐","9.81"
"셀프피쉬","당신의 물고기는","9.87"
"인연입니까?","우리도 인연일까.","9.70"
"구세의블레이딩","소년과 소녀의 이야기","9.69"
"신의프시키온","운명에 맞서는 형제의 이야기.","9.84"
"느루느루하게","스펙타클 하루일기","9.79"
"구라디우스","판타지라이프","9.69"
"보스인스쿨","Boss In School","9.88"
"지구인입니다","외계인들 사이로 납치된 지구인","9.88"
"오늘도형제는평화롭다","돈독한 형제들","9.89"
"하이퍼(HYPER)","히어로 서바이벌 오디션","9.46"
"그림자가족","가족의 그림자가 되어 살아가는 사람들의 상처를 다룬 이야기","9.90"
"모아이스토리","모아이와 친구들의 일상이야기","9.86"
"김치걸x밀크티보이","한국여자+홍콩남자","9.86"
"스피크업히어로","판타지 액션 히어로.","9.55"
"페더","무릉도원 판타지","9.86"
"사신기","사신을 사랑한 인간","9.80"
"우리집에곰이이사왔다","마법의 숲,테바의 최정예 요원 곰토토! 국가의 명령으로 인간 세상으로 파견되었다. 털북숭이계의 에이스, 곰토토의 파란만장한 인간세상 개고생 라이프!","9.89"
"얼티미터","궁극에 선 자","9.90"
"위기의왕씨형제들","위왕이 돌아왔다!!","9.87"
"천사에게는날개가없다","인간이 되어 버린 천사와 영혼을 잃어버린 소녀","9.87"
"히어로망스","로망스작가의 모험","9.85"
"꿀밤","허니 나이트.","9.86"
"눈꽃의심장","장르 파괴 액션물","9.74"
"버기버그","곤충들의 마법소녀 버기!","9.86"
"하제","신의 아이와의 기담","9.87"
"랑앤마눌","부부의 에피소드","9.79"
"위아애니멀스","동물이 되어","9.87"
"아침식사됩니다","반요들의 일상이야기","9.88"
"본격연애이야기!","코믹 공감 연애물","9.74"
"금지클럽","금단의사랑","9.72"
"그녀는나를싫어해","하지만 나는 그녀를..","9.89"
"라인리스::Lineless","Lineless","9.85"
"유만즈","심장 없는 엑소시스트","9.85"
"뷰티어스인","오드아이(ODD EYE)","7.56"
"괭씨의나태한세상","겨털로 감정표현","9.63"
"기억들","기억을 읽는 남자와 기억을 숨기는 여자, 그리고 죽은 이들의 기억에 관한 이야기.","9.89"
"소년의신성","소년 무신을 만나다.","9.85"
"글라디우스프로젝트","헤레틱과 인간","9.88"
"투명매니큐어를바르는승무원","현직 승무원 로나의 사막비행일지","9.88"
"숙이네이야기","오독이들(다섯강아지), 빠다언니, 숙이가 함께 살며 겪어가는 즐거운 에피소드가 있는 곳","9.82"
"달콤한비밀연애","사내 연애를 하는 연인의 일상 툰","9.62"
"칼로리메트리","로맨스 스릴러","9.75"
"기생하는심장","감정과 관계에 관한 이야기들","9.86"
"다시","나는 너를 만났다 다시","9.87"
"너를잃는숲","숲에 들어가지 마렴, 소중한 걸 잃게 된단다."" 경고를 무시하고 들어선 숲에서 시엘은 의문의 소녀인 로사나를 만나게 되는데...","9.82"
"일코선생","""인생이 덕질에 방해가 된다"" - 완벽한 선생의 이중생활","9.88"
"마법사와꼬마","운명일까?","9.84"
"화이트데이","너흰 그냥 친구야!!","9.30"
"산타라떼(SantaLatte)","리메이크","9.86"
"메리의미쿡정복기","먼 타지땅에서 한국인의 끈기로 성공하는 메리","9.81"
"공감없는이야기","약간파랗의 공감없는이야기","9.00"
"이웃집의스토커군","훈남 스토커가 옆집에 산다.","9.63"
"페이트","수명을 보는 남자","9.72"
"예쁘니까괜찮아","전학생 영희가 온다!","9.87"
"새벽에듣는만화","새벽감성 노래만화","9.87"
"화요일에죽는남자","화요일에 죽는 남자","9.58"
"성검의홀리소드","성검에 얽힌 모험이야기.","9.79"
"짐승뎐","연재중지","9.87"
"안녕하세요간호사입니다","나는 남자간호사다","9.84"
"떡볶이가게아가씨","떡볶이 가게 사장님 희란이 이야기","8.66"
"트윙클","내여친은 5살 아역스타","9.52"
"작심삼일운동툰","넓고 얕은 그녀의 운동기","9.78"
"코르보(Corvo)","먹거나 먹히거나.","9.86"
"편집자","누군가 당신을 훔쳐보고 있다","9.60"
"아빠내일은뭐하고놀까?","조금은 특별한 아버지와 아들의 이야기","9.80"
"신혼의맛","갑질하는 아내 VS 을질하는 남편, 평생 신혼처럼 살기로 작정하다!! 과연?!","9.00"
"동아리방202호","개성 넘치는 7명의 동아리이야기(자유연재)","9.87"
"사이트인킬러","잔혹 판타지","9.86"
"레드헤링","슬럼가에서 사는 사람들","9.66"
"연애고자모하나","망한 연애들 이야기","9.85"
"한국인이다","한국인이다","9.80"
"올빼미집","안녕하세요 올빼미입니다. 언제나처럼 카툰으로 찾아뵙겠습니다.","9.09"
"오늘의퇴마","오늘의 퇴마","9.87"
"환상동화모음집","어른을 위한 동화","9.65"
"4번째세계","만 이천년 전의 사랑이야기","9.59"
"마당개의인생","개와 소년의 우정과 모험","9.73"
"빗자루도깨비태비","도깨비 이야기","9.87"
"똥두","사춘기 소녀의 일상","9.72"
"병원에서온그대","소아청소년과 전공의와 연애하듯 살아가는 일상툰","9.74"
"잭(J.a.c.k)","돌아왔습니다!","9.21"
"열정호구","사회초년생 수난기","9.87"
"솔로인커플","4x4컷 황당로맨스","9.86"
"플라즈마걸스","우주경찰 소녀들","9.84"
"에스프레소케이크","“나는 그날, 차민재를 만난 뒤 끊었던 담배를 다시 피우기 시작했다.”","9.86"
"그중에나는없었다","그 아이의 시선에는 내가 있을까?","9.87"
"렝드","판타지 드라마","9.85"
"청춘의모퉁이","서툰 어른, 30대. 청춘의 모퉁이에 서 있는 그들의 이야기 (월,목 연재)","9.85"
"오늘도핸드메이드!","딱히 쓸모없지만, 매일 해도 좋으니까","9.86"
"말랑말랑인생","말랑말랑한 인생이야기.","9.85"
"막순이","막순의 애틋한 첫사랑","9.85"
"몽상가죽이기","악몽을 설계하는 소년","9.57"
"고양이마법학교","cats magic school","9.79"
"그어느날,우리는서로를바라보았다","어느 우리","9.64"
"볼빨간씨의하루","소소한 일상","9.34"
"마지막휴가","군대만화(실화)","9.62"
"너에게말하지못한얘기","몽환판타지.","9.83"
"맘스다이어리","쌩 초짜 엄마 아빠의 육아일기","9.78"
"꼬매","꼬매의 일상이야기","9.75"
"달의기억","판타지/ 빛 속에 감추어진 잃어버린 이야기.","9.79"
"고양이프린스","이유없이 왕따 당하는 소녀의 특별한 냥줍 사건","9.79"
"지금은37.2도","사랑을 만드는 온도 37.2도. 내 온도를 만드는건 누구?","9.75"
"꼬마마법사박광태","배틀코믹스에서 뵈요!","9.75"
"구사일생","어느날, 난 죽었다.","9.71"
"아더스(others)","귀신들의 사는 이야기","9.78"
"스프린터","단편만화 모음집","9.87"
"결혼해줘","신혼생활","9.83"
"완전범죄","이제부터 나는 범죄자다.","9.69"
"죽은자들의도시에서","좀비웹툰","9.73"
"끝난게아니다(청춘은야구&사랑)","청춘=야구&사랑","9.65"
"소소캣다이어리","깜찍한 고양이들의 소소한 일상과 사색","9.75"
"지금은가난중","빈곤한 우리네 청춘","9.86"
"디노와브리","마누라가 직장상사","9.64"
"너와나의90일","흔하지만 흔하지않았던 너와 나의 90일","9.85"
"허니허니","리얼 실시간 임신출산 웹툰!!","9.86"
"클라푸티듀스","미소녀 디저트 만화","9.84"
"산들바람","10,20,30일 나와요!","9.83"
"차가움에게은총을","괜찮은 걸까?","9.83"
"일상을지켜라","좀 특이한 사람들의 일상","9.88"
"라라파루자","격툰","9.80"
"청춘금지","일상툰","9.74"
"초상화","명화 속 소녀와 화가","9.86"
"촉수괴물M","육아 판타지","9.87"
"발자국이녹기전에","시대물 로맨스","9.87"
"엥앙일기","엥앙그림일기","9.86"
"환생게임","환생서바이벌 배틀","9.48"
"내신랑은구미호","구미호가 나오는 만화","9.48"
"LiveLiveDead","본격 좀비물을 가장한 허세쩌는 만화","9.47"
"폭풍의짱빨라","열혈 질주 만화","8.84"
"교실공략기","초등교사 오토리","9.85"
"낭만은원래돈이없어야하는거래","맑은 수채화로 그려낸 감성 가득 유럽여행기.","9.85"
"누군가의이야기","어쩌면 당신의","9.87"
"우주에서제일못생긴설정이지만,그래도연애할수있을거같아","이 것은.. 순정만화다. 우젤못.","9.85"
"소녀의마음으로","영혼이 뒤바뀜","9.85"
"지켜주지못해서미안해","성장기 추억","9.86"
"귀각시","나름, 로맨스","9.85"
"슬립워커","몽유병에 관한 이야기","9.84"
"성장호르몬","-","9.81"
"기프트!","판타지","9.87"
"마녀어머니와좀비아들","특별한 모자의 이야기","9.85"
"더키친부오노","여대 앞 파스타집에서 펼쳐지는 일상&로맨스!","9.74"
"UNDERUPRISE","지하세계에 살게 된 인류, 그 안에서 벌어지는 한 남매의 치열한 생존기.","9.81"
"우리부부는개발개발해","일상&결혼생활툰","9.85"
"백풍의신령가무","백개의 바람을 다루는 신령","9.47"
"곰신남","여군을 아내로 둔 본격 주말부부 이야기","9.87"
"엔드와세이브",".","9.62"
"연애싫어","정식연재","9.86"
"달과바다와관찰자","근미래 여행 모험 SF","9.87"
"네가머무는자리","씨앗이태어날때까지","9.83"
"다프트기어","안드로이드 판타지","9.70"
"야귀록(夜鬼綠)","특별한 능력을 가진 귀사자 vs 야귀","9.85"
"로즈관찰일기","로즈관찰일기","9.79"
"완벽한멍청이들","상태 좋은 유전자들의 상태 안 좋은 이야기","9.75"
"[BL]Fools","캠퍼스 로맨스","9.80"
"이클립스","이세계 판타지","9.87"
"차원이다른만화","그는 뭔가 다르다.","9.85"
"금수저","부모를 바꿔 금수저가 된다! 금요연재","9.85"
"천상열차분야지도","옥황상제와 별자리","9.87"
"송사리레볼루션!","동아리 <혁명>","9.85"
"아무말이나해(보)SHOW","<아무 말이나 해(보) SHOW> 에서 들려드리는 사람 사는 이야기","9.85"
"딩가딩서콩","서콩의 일상","9.85"
"넘버그레이","원치 않는 힘을 가진 아이들의 이야기.","9.86"
"2015범죄스릴러에스","과거에 있었던 연쇄살인사건.. 막아야만한다.","9.74"
"fictionornonfiction","변태같고 퀴퀴한일기","9.85"
"대학일기","재수하고 대학입학","9.90"
"지켜라!밥그릇","밥그릇 지킵니다","9.85"
"FreeOrUNfree","우연일까 운명일까","9.80"
"저편의그림자","후련한 총격액션,  남자는 쏘는거다.","9.79"
"에르나크","눈 떠 보니 게임 속?!","9.85"
"갱스터","암흑가, 마피아, 보스, 그러나 코믹.","9.49"
"음남미녀","음대생과 미대생의 이야기","9.87"
"여고남","매 주 금요일 업뎃","9.54"
"마왕이상병신","정직한 제목","9.87"
"묵색임금","판타지/화요일 연재!","9.85"
"먼지소녀","불운한 소녀와 불운을 보는 소년의 이야기.","8.88"
"인생팔이청년","인생팔이","9.85"
"지구의태엽","범죄물, 두뇌물","9.85"
"불멸의드래곤","전설이 언데드로 부활하다","9.50"
"판데모니움","악마의 지옥탈출","9.59"
"GO!신나고","꼬꼬마 고독한의 농구를 통한 성장 스토리","9.58"
"살랑이는하루","봄바랑처럼 살랑이는 일상툰","9.75"
"당신은왼손을모른다","미스터리&감성","9.87"
"하늘과하늘의순정","하늘이의 순정만화 이야기","9.82"
"리브하이","용림고 학생들의 평범할 것 없는 하루.(자유연재)","9.58"
"네모랜드","네모들의 이야기","9.77"
"분홍분홍해","메구스타스투♥","9.85"
"플레이어","판타지","9.71"
"카니발라이즈","다크판타지","9.85"
"고양이가할퀴고간자리","헤어질때 느껴지는 아픔이 마치 고양이가 할퀴고 간 느낌...","9.82"
"노하우","본격 생활밀착형 노가다 만화. 인생살이 왕도는 없다!","9.77"
"방과후에","자유연재","9.84"
"포도나무소녀","포도나무","9.79"
"너희가국딩을아느냐?!","1995년! 초딩이 아닌 국딩이 간다!","9.84"
"모던픽션A:삼국지표류도시","최후 인류 우주 표류","9.82"
"체크포인트","<체크포인트> 시간을 되돌릴 수 있는 초능력자 주인공에게 벌어지는 위험한 사건들","9.74"
"요신님의이름으로","평화롭지 못한 이야기","9.65"
"79년생.세상과7979하다.","79년생. 세상과 7979하다.","9.83"
"나와악수하는시간","너와 내가 만났다.","9.83"
"내고양이!님","고양이와 동거!","9.85"
"에스키스","매주 수요일","9.85"
"하이타이","태국에서 놀고먹기","9.83"
"바나나스플릿","첫사랑 사수기.","9.67"
"지구평화","HARMONY","9.46"
"신모양의이모양저모양","이런저런 이야기","9.85"
"모순의남자","모순남 김현우 이야기","9.74"
"드래곤카이트","드래곤 카이트","9.70"
"WalkingInTheDark","소년병 이야기","9.86"
"블랙앤서","청춘 농구 드라마","9.74"
"리얼소꿉친구","소꿉친구 로맨스","9.86"
"A의세계","마지막 학생들","9.41"
"19세기비망록","위험한 오라버니와 금단의 재회. 제1회 네이버 웹소설 공모전 장려상 수상 및 연재작 <19세기 비망록> 원작.","9.83"
"두남자일기","평범한 동거","9.86"
"다이아하트의안내인","아마 마법소녀","9.12"
"붕어빵육아일기","인간세상으로 나온 붕어빵 육아일기","9.30"
"연애천재","로맨스코메디","9.86"
"바(Bar)","바텐더","9.88"
"참아줘요,마리안느!","베일에 싸여 있는 공주와 하녀의 일상 스토리~!!","9.41"
"하이스쿨히어로즈","입시어드벤처","9.77"
"야수본능","(연재종료)","9.51"
"생각그물.","머리속에 잠들어있는 동화들.","9.86"
"말랑하게센티멘탈","청춘이란 이름의 아이들, 그 달콤쌉쌀한 이야기","9.81"
"듀이","드래곤 판타지","9.85"
"비로물드는꿈","뱀의 임","9.85"
"그레이스","우리나라 최초의 간호사 이야기","9.83"
"투명한동거","유령과 인간의 아슬아슬한 동거 생활","9.85"
"은조","판타지 액션!","9.05"
"비만곰의정석다이어트","105kg, 비만곰의 2년만에 50kg를 감량하다.","9.77"
"점심식탁","매일 매일 점심을 함께 먹는 두 여자의 점심식탁이야기","9.85"
"자전거도둑","유쾌발랄 하고싶다","7.87"
"공주님마음대로!","레몬 이야기","9.49"
"To.[M]","공지","9.81"
"사자머리와호깜대","사자머리와 뻔뻔한 세냥이들의 일상다반사","9.74"
"실례지만잠시지구좀멸망시키겠습니다","추리서바이벌 학원물","9.84"
"CAT","자유연재","9.83"
"더미","실험용 인형 더미의 성장기","9.85"
"나는공주다","공주가뚱녀가됐어","9.61"
"유피씨의그림일기","그림일기 시즌.2","9.67"
"나를키워주세요","인간사육","9.79"
"개년들","개년들?","9.87"
"포이즌아가씨","독을 품은 여자","9.87"
"찬란하게드리우다","행복하지 못한 남자","9.87"
"호랑각시","자유연재입니다. 죄송합니다.","9.23"
"아비터","각자의 세계를 지키기 위한 존재들의 치열한 싸움.[전 세퍼레이트 웨이]","9.78"
"좀비신드롬","좀비 로멘스 스릴러","9.85"
"소원을이루어줄게!","부자들의 일상 4차원 개그!","9.53"
"크리스마스는쨈과함께","개가 된 악마","9.86"
"731바이러스","바이러스는 누구의 책임인가?","9.76"
"야상곡","뱀파이어의 표적이 되는 사람들, 그리고 그 뒤를 쫓는 사람들","9.75"
"낙타의숲","바이러스와 사투","9.62"
"사랑니(confused)","일상툰같은 연애툰","9.86"
"스타일리쉬리벤지","현대배경 액션판타지","9.63"
"떡신사바","도깨비이야기","9.78"
"사신과소녀","순정 판타지","9.86"
"애니멀아이즈","신개념 인체 판타지","9.77"
"마미므메모","난다 냄새가","9.86"
"사람교환사업","모든 것을 교환","9.53"
"홀리마운틴","문화혁명!","9.03"
"무브더크라우드","힙합","9.79"
"마계의황녀","마족 유희물","9.87"
"난감소녀","난감 여고생 4컷 만화","9.83"
"위험한연자씨","일상의 소소한 이야기를 담은 그림일기입니다","9.71"
"S군의직딩일기시즌2","시즌2입니다~!","9.65"
"녹스","NOX.","9.85"
"공부좀하자","학원괴기물(怪奇物).","9.85"
"일어나보니치킨","인간으로 돌아갈래!!!","9.85"
"203호저승사자","저승사자 맞냐","9.75"
"리틀프린스!","내가너를 사랑하게된일!","9.77"
"별똥별이떨어졌다","소원 들어주는 별똥별","9.87"
"변이","잔잔한 미스테리  스릴러","9.85"
"정사도[SaintlyDozen]","12개로 나뉜 대천사장의 심장을 찾아라","8.07"
"우리집브로콜리","비식용 브로콜리","9.87"
"반짝반짝행복해","반짝반짝한 이야기","9.25"
"마왕옆자리비서한마리","마왕을 물리치는 용사보다 힘들게 일하는 노동자의 이야기","9.81"
"깨알공장공장장","고소한 결혼권장 웹툰!!!","9.50"
"안녕?위드니","일곱아이들이야기","9.87"
"안쭝의소심러브","항상 핀트가 미묘하게 어긋나는 팬더의 사는 이야기","9.67"
"젠체스토리","젠체의 일상속으로","9.37"
"Somewhere","동성애 만화","9.86"
"여고를아느냐","리얼 여고 100%","9.85"
"캐스팔루크","카페 판타지","9.73"
"페인포인트PAINPOINT","액션판타지","9.62"
"눈을감다","그때…그때 왜 난 모른척 하지 않았을까…","9.68"
"할로,케빈!","옥수수군의 일기, 할로, 케빈!","9.81"
"주전부리","부부웹툰","9.86"
"리부트","나는 죽었다. 그런데...","9.76"
"프러미스:강철의혼","거대로봇 + 오글","9.45"
"서른살을살았어","나의 서른살, 너의 서른살, 우리들의 서른살!","9.83"
"청사나이","청사나이!!","9.84"
"아싸라비아","꽁냥꽁냥","9.86"
"스푸키멜로디","악몽 동화 이야기","9.88"
"연놈","연놈","9.85"
"SCP-TheAdministrator","확보, 격리, 보호","9.29"
"대작","전 국민의 이목을 집중시킨 한권의 소설, 그 뒤에 숨겨진 피로 얼룩진 비밀.","9.83"
"CANADADA!","버라이어티한 캐나다 워킹홀리데이 체험기","9.86"
"그대와청춘","청춘로맨스","9.85"
"우.할.까","4컷 개그 릴레이","9.81"
"5인전쟁","판타지&전쟁","9.87"
"미쓰토바","토바의 일상이야기!","9.86"
"밑밥","암울하고 답답한 현실. 아름답고 생명력 넘치는 바다. 그 대척점에서 낚시를 만나다.","9.83"
"고민상담특별부","랭킹 시스템 학교","9.86"
"혼자를기르는법","혼자였고 또 혼자일","9.85"
"모두어디로간걸까?","제주도 생활기","9.70"
"당신을사랑하고싶습니다.","고딩대딩의청춘사랑","9.76"
"무한몽","해몽, 예지몽, 꿈에 대한 이야기","9.78"
"왕의정원","자유연재→격주연재로! 본격 드래곤판타지!","9.74"
"사형제","4형제 이야기","9.88"
"다섯개의이름","악마견비글을키우다","9.76"
"오늘만사는토끼가면","왕따는 SNS를 타고~* 에라 모르겠다. 오늘만 산다!!!  얼짱, 기획사 연습생 막장 폭로방송 토끼가면","9.83"
"아리랑부부","결혼 탐구 생활","9.81"
"진짜여군","진짜여군의 진짜진짜 여군이야기","9.87"
"얼인의만아(얼仁義滿我)","사라져가는 우리 전통문화를 들춰보는 만화입니다.","9.85"
"열렙전사","본격 명품 판타지 액션 겜만화","9.70"
"악마와티타임","본격 요양원 만화","9.86"
"힐데르트캐슬","러브액션 판타지","9.42"
"우주대모험","황당한 가족의 기상천외 우주여행!","9.20"
"언더더애플트리","놀탱 놀탱","9.30"
"신과인간에관한재밌는상상화","신과 인간의 관계는...??","9.80"
"솔로가좋다.","나혼자사는솔로툰","9.87"
"죽은자를상대하는방법","좀비물 입니다.","9.86"
"루크벨라의우아한인생","남주없음여자둘만나옴","9.87"
"일상로맨스","소소한 일상들","9.85"
"이상징후(異常徵候)","초능력은개뿔","9.85"
"사자(使者)","최초 여자 염라대왕의 탄생?! 본격 저세상 판타지 로맨스","9.86"
"강을그리다","픽션사극","9.87"
"어렴풋이","글/그림 휘를","9.80"
"헬로리틀또리미","본격 과거일상툰!","9.86"
"쥐인님과나","지극히쥐덕한생활 :3","9.84"
"그마남이야기","그마법사가남기고간이야기","9.86"
"사나울","스물아홉 설레임","9.85"
"SDB","고교당구왕","9.69"
"고양이뚜껑","말하는 고양이!","9.86"
"가라,로봇!","본격 로봇 순애물","9.62"
"어둠속을날아서","-","9.73"
"물속의고요","꿈에서 마주친 꼬마","9.85"
"하나밖에안보여!","킬링타임용 순정만화","9.89"
"판타스틱!티티우스표류기","인어의 육지표류기","9.86"
"더모나크","추방 당한 사탄 그리고..","9.69"
"애원(愛怨)","남고에 여고생 귀신","9.81"
"내첫사랑에대한기억","순정만화","9.87"
"리바이벌(Revival)","판타지 로맨스","9.77"
"주일은쉽니다","일주일 의인화한 일상 만화","9.89"
"별끝에서땅끝까지","별에서 온 별땅이 이야기","9.81"
"마이리틀캐나다","캐나다 적응기","9.85"
"무의식의숲","당신이 잠든 사이","9.89"
"자갈치땅콩","강아지의일기","9.86"
"두번째의왕자님","자유 연재","9.88"
"생생생활기록부","뭉실뭉실 팡이의 정상적이고 평범한 생활기록부","9.86"
"발렌티노다스티","안잘난뱀파이어","9.82"
"혼원사","영혼을 구하는 자","9.86"
"내학생이싸이코패스일리가없어","학원 군상극.","9.85"
"우렁이라도좋아","우렁이 로맨스","9.82"
"그래도내일은","무무의 인생이야기","9.79"
"트라우마","손발오글 순정만화","9.91"
"감염[感染]Infection","푸른빛은 핏빛보다 잔인하다.","8.86"
"데몬데몬","마계 액션 판타지","9.85"
"저리가요마왕씨","날림주의 악필주의 오글주의","9.86"
"비밀스러운짝사랑","고교 개그 순정","9.86"
"유랑인류","온더로드 라이브 여행툰","9.84"
"달콤한나의독일","독일국제연애","9.87"
"밤의피조물","고딕 판타지","9.75"
"외쳐불러:나머지방송반","방송부 이야기","9.81"
"정귀괴담록","퇴마 액션","9.86"
"DeepBlue","시한부","9.86"
"트러블걸","영웅과 악당 둘 다 되어야 했던 소녀의 이야기","9.70"
"네크로골비","네크로맨서","9.85"
"인형의꿈","작은 소망이야기.","9.81"
"마스크걸","인기여캠BJ의정체는?","9.85"
"블루블로썸","블루 블로썸","9.69"
"왕자님을인터뷰하는법","최애캐인터뷰","9.85"
"하루살이소년","요일별 가정부들과 함께 하는 소년 하루의 일상","9.87"
"렛츠고!팜머스쿨!","개그농업학교","9.85"
"네거티브칸나","지상최악의마법소녀","9.74"
"스리핑거","통기타 동아리 스리핑거 이야기","9.65"
"수트오브스파이(suitofspy)","스파이 액션 활극","9.68"
"그래도괜찮을까?","세상이 두려운 사람들의 이야기","9.70"
"악마를찾는사람들","악마를 찾는 사람들의 이야기 악마가 만난 사람들의 이야기","9.63"
"더퀘스트","쏘울봉","8.96"
"너와이세계의크랙","다른 세계로 끌려들어간 주성이를 중심으로 한 판타지 순정물","9.85"
"Guarding-그녀는나의웬수..","한없이 순수했던 그 아이......때문에 미쳐버릴거같아..","9.77"
"데일리위치","평범한 마녀들의 일상 판타지 사컷만화","9.84"
"언더그라운드블러드팩","Sci-fi 웹그래픽노블","9.87"
"그래,가끔하늘을보자","초보맘 육아 스토리","9.86"
"틈새의주인","검은 전설의 시작","9.84"
"1+1","캠퍼스 로맨스","9.87"
"소나기통조림","학원드라마","9.83"
"사랑하는마음","완결","9.62"
"바이시클","자전거와 사람들","9.36"
"이별에서우리는","남녀의 입장에서 격 화로 진행되는 이별 후의 이야기","9.87"
"나는귀머거리다","나는 귀머거리다","9.90"
"TheA","한 건물에 갇힌 이들의 사투","9.82"
"아이돌Dis토피아","극평범아이돌만화","9.74"
"실","인연의 고리.","9.85"
"조선타임트래블","시간여행★","9.84"
"야생화","본격 아포칼립스 액션","9.84"
"신기관리팀처용대","불가사의한 힘을 지니고 있는 유물들을 둘러싸고 벌어지는 도시액션활극!!","9.67"
"설레긴개뿔","우린 그냥 친구야","9.85"
"양철맨","본격 히어로 액션!! 새로운 슈퍼 히어로의 탄생! 격주 월요일 연재합니다.","9.24"
"시리우스","미스터리 판타지. 자유연재.","9.85"
"들개의품위","Loyal stray dogs","9.86"
"너의나날","여고 안에서의 짝사랑","9.88"
"pponnie(뽀니)","뽀니의 특별한 일상","9.85"
"산타","12월에...","9.74"
"마나마나","@(0▽0)@","9.86"
"마네킹","나한테왜그랬어?","9.86"
"아름다운개새끼","의식의 흐름대로 그리는 만화","9.85"
"심모람채널","모람모람한 날들","9.83"
"프리템포","세 여자의 스펙타클하고 유머러스한 생활담","9.86"
"산신[山神]","한국설화 각색환타지","9.86"
"카이제리온(KAIXERION)","슈퍼 로맨스","9.54"
"도닥도닥","3포세대 우리들","9.86"
"오즈의바보들","오즈의 이야기","9.89"
"망각천사를잡는방법","천사와 싸우는 인간","9.76"
"애오라지","옛날옛날에…","9.69"
"마왕의휴일","나를 위해 춤춰라.","9.87"
"HOL(전설의역사)","리그오브레전드 비하인드 스토리 -FANFIC-","9.40"
"어메이징결혼이야기","“내일은결혼”책출시","9.88"
"아이들의404","울집에미친넘이떳다!","9.87"
"날로먹는연애","사라진 친구 찾기","9.84"
"묘생인생","두 괭이와 두 괭인의 일상","9.88"
"환상음악단편선","환상음악단편선","9.69"
"리바이어던","SF 드라마","9.70"
"기적의앱스토어","투시안경. 미래예지. 그런 물건이 내 손에 쥐어 진다면? 마법물품으로 인생역전을 이룬다!","9.86"
"우애좋은삼남매","안과 밖이 다른 삼남매의 일상","9.85"
"연애의정석","남녀 사랑의 정석","9.70"
"서당개삼년이면풍월을읊는다.","좀 웃긴 학원물","9.81"
"전달자","카르가막의 여정","9.31"
"우주수호기사마이티캣!","비일상적인 히어로물","9.78"
"저주를걸어드립니다.","난쟁이 마녀 이야기","9.87"
"오!주예수여","예수님 아닙니다","9.85"
"캣밑피쉬(TheCatMeetsFish)","트로피컬 여행 판타지","9.86"
"미백클럽","궁극의 동아리","9.72"
"펭귄테일","엉뚱펭귄 등장!","9.86"
"시간나비","잃어버린 3년을 찾아서","9.11"
"탄생석","능력자 판타지","9.86"
"썸타임","매주 화요일 연재","9.86"
"빨간눈토끼","토끼눈은 원래 빨갛다!","8.53"
"나그리고","설명하기 힘든 마음들 그림으로 대신 설명해드릴게요","9.86"
"수상한전학생","신개념 좀비로맨스","9.85"
"영어전쟁","전쟁같은 미국생활기","9.86"
"소녀의세계","소녀들의 우정물","9.85"
"이온","☆★☆★","9.73"
"망상특급열차","하는 거 없는 여행","9.64"
"고추밭표류기","귀농,농촌툰 아님","9.82"
"룸메이트","우리는 흔녀.","9.57"
"몬딕","몬스터 딕셔너리","9.88"
"제왕의조건","퓨전판타지","9.81"
"블랙헤이즈","판타지","9.87"
"백수탐정","대한민국에 탐정이 존재한다.","9.82"
"BeYonD","꿈 여행기","9.83"
"안즈","'바람'의 8대를 찾아라.","9.78"
"악제에피소드","악마 VS 인간","9.57"
"빅플크루","도자기 덕후의 일상툰^^","9.33"
"코인","마왕과용사","9.80"
"(2부)나는엄마다","엄마가 된 고등학생의 학교복귀 투쟁기","9.77"
"HOOD","시체의 이야기","9.87"
"미다스의아들","100일간의 이야기","9.85"
"안녕내스물일곱","내 스물일곱 이야기","9.86"
"뉴빌런","악당들의 세대교체 이야기","9.82"
"폭군의궁전청소부","정식연재!","9.84"
"혼생자(魂生子)","설화의 재해석.","9.86"
"리플렉션","흡혈귀 동양 판타지","9.78"
"안단테노선생","누구나 싫어하고 꺼리는 공포의 치과.어느 치과 의사의 잔잔한 인생 이야기","9.70"
"아이보리","초보 엄마 아빠 육아성장기","9.87"
"난너의운명","운명적인 사랑이란!?","9.84"
"고기해방연합","고기가 금지된 세상","9.85"
"아르테","하늘과 땅의 사랑을 받는 아르테라 불리는  한소녀의 성장 이야기","9.87"
"진실게임","거짓말을 하면 죽는다...!","9.86"
"불가능한연애","절대 연애가 안될 것 같은 두사람의 연애 방법.","9.86"
"개집사일기","우리 개만 그런가?","9.80"
"F&I","B급 느와르 액션 만화","9.65"
"만물상","모든 물건을 파는 가게의 이야기","9.82"
"인버스","본격 분열성 조장 만화","9.87"
"신영웅전기","마법학자와 신영웅의 이야기","9.87"
"해를쫓아별이된아이","해를쫓아별이된아이","9.85"
"도나도나도나","돌고 도는 사람들","9.88"
"천개의소원","고교 일상 순정 만화 ★격주 토요일연재★","9.86"
"우리집장롱대마왕","하숙생 구해요!","9.79"
"잊지않아","요정과사람이야기","9.55"
"우바우(우리가바라는우리)","웃퍼","9.85"
"코코넨네","본격 아기 관찰 웹툰.","9.87"
"오빠의향기","판타지 코믹 순정만화","9.85"
"오토리버스","오토리버스","9.76"
"아이돌스파이","아이돌이지만 원하는 단 하나를 가지지 못해 스파이가 된 철부지 '그놈'과 인생에서 포기를 먼저 배워 너무 일찍 철든 '그녀'와 만나면서 벌이는 로맨틱 액션코미디","9.72"
"오늘은좀더낫겠지","어제보다 나은 오늘을 꿈꾸는 그녀의 시시콜콜한 이야기(수요일 연재)","9.68"
"수수께끼","첫사랑 누나?","9.85"
"그와그녀와그","다크순정판타지+개그.매월 10,20,30일연재.","9.86"
"꽃자국길","환상 여행","9.85"
"죽지못해산다","죽지못해사는 여섯 남자 이야기","9.88"
"슈퍼시크릿","소꿉친구의 일상판타지","9.85"
"롤랜드엠블리","귀여운 친구들의 일상","9.49"
"블랙스완을위한변명","영국 빅토리아시대 로맨스","9.86"
"유쾌빽양의사회적응기","일상생활에서 보고 들을 수 있는 일상사를 귀여운? 곰들과 함께 풀어가는 카툰~ 때론 과격하고 폭력하지만 다소 어리버리하고 바보같지만 귀여운 북극곰, 팬더, 불곰. 들의 일상사~","9.57"
"렌탈맨","렌탈맨","8.31"
"호랑이형님","호랑이 액션활극!!!","9.86"
"레이디프로젝트","신랑감 찾기 프로젝트","9.86"
"에잇뿔","우리..돈 없으면 사랑할 수 없나요?","9.83"
"천화","집착의 굴레","9.82"
"여자들의뒷담화","세여자의 각자 다른 사랑이야기.","9.87"
"흑백인간","천재사이코들두뇌싸움","9.80"
"요런요물들","한국의 요물들이 현대사회를 살아가는 이야기","9.86"
"그린애플","고딩 사계절이야기","9.80"
"아메리카노","20대 첫사랑을 카페에 빗대어 그린 만화.","9.13"
"무극","코믹+무협","9.84"
"무림야구","삼국지 등장인물들이 펼치는 퓨젼 야구 만화!!!","9.47"
"슬기로운생활","존잘남의 학교생활 분투기","9.85"
"CELL[셀]","특별한 죄인들을 가두는 감옥","9.86"
"4층복도끝천국","유령로맨스","9.86"
"빈센트","도깨비나 이무기, 산신령, 구미호 같은 존재들은 단지 설화 속 이야기거리가 아니다. 그들은 21세기 서울, 인간들 속에 숨어 살고 있다. 청년과 한 소녀의 이야기.","9.77"
"선택게임","독자 선택 만화","9.87"
"하우투싸커[Howtosoccer]","때는 바야흐로 인류 시즌7. 그 시대에는 없는 것이 하나 있었으니?","9.36"
"너라면알까?","고교 성장 드라마","9.86"
"조금더가까이","관계를 들여다보기","9.85"
"뉴욕,고양이그리고나","뉴욕에서 일러스트레이터로 일하는 그녀와 고양이의 소소한 이야기.","9.87"
"네크로맨서","현대판 네크로맨서의 일상","9.87"
"뷰티풀군바리","여자가군대를가면?","9.74"
"행운의서(書)","세 사람의 만남, 그로인해 다가오는 하나의 행운","9.87"
"5月하늘의돋보기","잃어버렸나요?","9.86"
"버드(BUD)","환생 판타지.","9.65"
"구름사냥","뜬구름 잡자규~","9.64"
"뿔뿔뿔뿔","미노타우로스 병을 앓고 있는 남자들의 사람사는 이야기","9.83"
"마미기숙사","여자기숙사에 남자가 산다!!","9.85"
"꾼","고교생들의 잔혹하고 고독한 도박세계","9.52"
"애플에이지","성범죄 웹툰","9.88"
"이여인","이십대 여자 직장인","9.86"
"OneBiteOfTheApple","단편만화 모음집","9.82"
"바리바리발발","하나뿐인 고양이 바리와 슈리,누리! 와의 게으른 주인의 일상.","9.86"
"신룡의주인","마법학교에 입학?!","9.85"
"죽어도숨은쉰다","이승과 저승의 이야기","9.85"
"약하지않아","최약체 몬스터들의 모험","9.80"
"연정가","조선시대 슬픈 사랑이야기","9.48"
"어쩌지남여","츤츤이와 준이","9.79"
"빗자루도깨비태비(리메이크전)","도깨비 이야기","9.85"
"마장박다이어리","마장박의 일상....","8.87"
"디어비스","슈퍼히어로물","9.69"
"그림술사","요괴와술사의이야기","9.87"
"이너옥터","불만 많은 우주 여행기","9.87"
"햄스터만바라보다","햄스터의 매력에 흠뻑♥","9.87"
"내마음의음유시인","마지막공연","9.86"
"냥모나이트","냥이와 여자사람의 동거툰","9.84"
"지옥문","한밤 중 아파트 옥상에서 들리는 정체불명의 소음?","9.86"
"인생은꿈맛","인도여행기 업뎃중","9.38"
"은퇴한히어로","백수 히어로의 일상","9.85"
"숨","연재 종료","9.86"
"달수이야기","총체적난국 주의","9.86"
"오가닉하게우프!","오가닉한 두 여자의 영국우프 체험기!","9.85"
"그섬에바보들이산다","자유연재중입니다.","9.83"
"이별만화완성도","눈물과 콧물","9.58"
"연애의정령","연애코치가 왔다!","9.85"
"한소리로듣고한눈으로보고","흑백단편/자유","9.85"
"새벽소리가들린다","요정나라에서 펼쳐지는 달콤한 일상","9.70"
"그림자도마뱀사기극","소소한 유쾌 판타지","9.82"
"하이라몽","★ 하이 코미디 어드벤쳐 옴니버스 스쿨 판타지 ★","9.53"
"여도지죄","만남과 이별 사이","9.83"
"버저비터","노율/강민석","9.70"
"늑대와의동침","인기 아이돌 '크라운'의 리더 공재윤과의 아슬아슬 동거생활!","9.86"
"씁쓸한하루","어떻게든 되겠지","9.83"
"푸디와친구들","푸디의 카페 만들기 좌충우돌!","7.81"
"내소울메이트는어디있을까","내 인연은 어디에?","9.87"
"다크써클몸빼바지","육식마녀","9.81"
"꽃보다찬란한","코믹,로맨스♡","9.76"
"글더하기그림","짧은만화","9.82"
"인생삼파전","조폭 김창식의 인생역전 임업도전기!!","9.74"
"공복의저녁식사","매일매일 맛있는 음식","9.85"
"에르데","에르데 - 세상을 구하는 엘프이야기","9.79"
"인간의조건","여우이야기","9.87"
"꼴통명문구린고","일상코믹스쿨라이프","9.85"
"과일종합선물세트","본격 과일들이 썸타는 만화","9.85"
"꿈꾸는바다","자유연재","9.83"
"괴발개발","16마리 반려동물이야기","9.86"
"비스트사인","여장소년 수난기","9.66"
"1+1=3","여성이 포식자가 되어버린 망가진 세계에 떨어진 사람들. 그들의 생존, 집착, 사랑 이야기","9.87"
"로고스","마몬형제의 이야기","9.64"
"소리다이어리","20년째 다이어리질","9.78"
"고예섬방문일지","동서고금무 판타지","9.83"
"외모지상주의","매주 토요일 연재","9.86"
"유리구두의비밀","메르헨판타지 자유연재","9.76"
"블러드블랙","뱀파이어?!","9.86"
"EMPIRE(제국)","판타지 드라마","9.60"
"모아세(모두가아름다워진세상)","성형,외모","9.86"
"레드군","소년 모험 만화!","9.50"
"11월에내리는설이","용우와 소설, 시간의 이야기.","9.73"
"밴디지!","현실상륙작전. 이대로 미지근한 불시착이 될 것인가, 아니면 시동을 걸고 스스로 날아오를 것인가! 밴드로 치유하는 우리들의 상처, 조금은 어설픈 희망재활 프로젝트, 밴디지!","9.68"
"몽유병","몽유병에 걸린 한 남자의 이야기","9.73"
"잉문학","잉여+인문학=잉문학","9.84"
"치킨,신이된닭","맥주를 좋아하는 닭이 치킨이 되어가는 과정","9.81"
"제가그냥보라색을좋아하는데요(제.그.보.)","일상욕망 콜렉터!  + 천사/악마 지망생","9.86"
"히어로즈플랜B","H.P.B","9.85"
"수상한복학생","ST☆R별","9.85"
"리얼러브","학원 일상스토리","9.87"
"거꾸로-툰","내려갔다 올라가는 만화. 거꾸로 다시보면 새롭게 보이는 반전 만화","9.85"
"아내의그녀","위기의 부부에게 찾아온 의문의 그녀!","9.86"
"그날,이후의세계","16년 뒤로","9.84"
"편의점의마법사","일상 판타지","9.89"
"자유부인","자유부인과 점년이의 지적인 싼티의 마력","9.86"
"건축카페종이집","소녀의 건축여행기","9.77"
"여자가더좋아하는연애","하는 연애","9.86"
"ADHD생활기","ADHD를 갖고 있는 줄 모른 채 어른이 된 사람들","9.76"
"Mrs.Alice","어느날 사라져버린 엄마. 기억속에 숨겨져 있던 엄마의 진짜 모습을 찾아나선 조엘.","9.81"
"윙즈-영광을위한날개","드래곤과 창공의 세계","9.85"
"영광에매이다","은톨이와 도깨비","9.74"
"여탕보고서","여탕의 진실","9.85"
"그리드(Greed)","숲속으로 도망간 소년, 사람의 발길이 끊긴 그 곳에서 벌어지는 일들을 그린 스릴러물.","9.87"
"GO!GO!1학년8반!!!","능곡고등학교 1학년 8반!! 범상치 않은 신입생들의 신나는 스쿨라이프!!","9.52"
"(핫샷)HOTSHOT[?]","HOTSHOT웹툰","9.76"
"내가엄마라니","엄마가 되어버렸어요.","9.87"
"아침나라의꽃","1930년대, 일제강점기로 타임리프한 여고생 이야기","9.85"
"카이만","판타지입니다.","9.84"
"슈퍼랑","천랑, 화랑, 이랑 새로운 슈퍼 영웅의 탄생!","9.63"
"로키(Loki)","로키의 모험","9.86"
"부처핸접","신개념 갱생 웹툰","9.83"
"망월선녀설화","선녀와 나무꾼, 그들의 끝나지 않은 이야기","8.98"
"오늘의온도","오늘의 온도는 몇 도입니까?","9.85"
"나는평범하지않다","순정만화","9.88"
"비스트(beast)","정통 액션 환타지","9.78"
"소동헌을위한기록","에필로그","9.73"
"피터팬의웬디","현대판 피터팬과 웬디","9.85"
"설레는기분","두근두근♡","9.85"
"위기의범죄자","범죄 심리극","9.86"
"너의목소리가보여","우리말 사랑 웹툰","9.87"
"보통회사이야기","보통 한 집단마다 한 명의 또라이가 있다고 한다. 그런데 이 회사에는…","8.96"
"아버지와아들","철부지 아빠의 아빠놀이","9.75"
"블랙","세상 은 하얗고 삶 은 어둡다.","9.48"
"솔라보이","광합성하는식물소년!","9.78"
"조조할인","새와 사람","9.87"
"알타고","한국고전판타지","9.79"
"쌍둥이네","쌍둥이 신비감제로!","9.87"
"봄여름가을겨울떡집",".","9.82"
"애니마","영결합배틀물","9.83"
"어느오래된도서관의비밀","어느 오래된 도서관에서 펼쳐지는 이야기.","9.86"
"이상한나라의더이상한앨리스","남자 앨리스","9.77"
"푸드포스레인저","푸드 포스 레인저","9.81"
"그것은어느날","참꽃마리","9.85"
"PrincessofDream","꽃미남 아이돌 총출동","9.85"
"바다의노래","사랑, 믿슙니까?","9.43"
"말하지않는다.","이거슨..신세계?","9.76"
"월야에우는새","◀최종 공지!","9.81"
"비창","퓨전판타지","9.76"
"스톰힐다이어리","하이틴 유학로맨스","9.86"
"기안84회고록","내가 바라본 기안84 이야기","9.86"
"아씨와나","산에서 내려온 삼식이의 인간세상 경험 에피소드","9.86"
"두근거려요","첫 번째 사랑의 실패로 겁쟁이가 된 여자.","9.85"
"PleaseMe,Please","판타지 순정.","9.78"
"평일의나","평일에 뭐하세요?","9.86"
"애니멀'즈매거진","엉뚱,4차원,발랄,초깜찍(?) 대한민국 2%가 살아가는 이야기","9.79"
"여고생이좋아요","여고연애물","9.87"
"부부탐구생활(구자취의달인)","결혼으로 고고씽","9.87"
"19평사바나","야생으로 가자!","9.54"
"괴물아가씨","괴물들의 이야기","9.74"
"魂지킴이","상처받은 영혼에 위로를.....","9.77"
"야수의노래","저승 모험을 그린 한국형 판타지","9.83"
"기래믹스","멍청하고 부끄러운 일상들.","9.76"
"여자의마음","너희가 결혼한 여자의 마음을 알아?!","9.62"
"마지막피터팬","성장통로맨스♥","9.85"
"우리집에귀신이사는것같아","무서운 이야기","9.80"
"씁쓸남유남생","출퇴근 감성의 공감...씁쓸하다.","9.81"
"엘리자베스1호","안드로이드와 박사님","9.85"
"에스카토스","진범을 찾아라","9.87"
"변기통로맨스","모태솔로 로맨스","9.81"
"마로이야기","말하는 개 마로와 평범한 여대생 순지의 이야기","9.85"
"리솔루토","판타지","9.73"
"코기의취향","'함께 밥을 먹으면서 정이 쌓인다.'","9.85"
"TwoCoffins(투카핀스)","세사람과 두개의관","9.64"
"비비디바비디덕","비바덕♪","9.82"
"비트윈","비밀속의 연애","9.78"
"특허소년","특별히 허락한 소년","9.87"
"그런만화","개그 만화!","9.85"
"수치스러운애정행각","정식연재","9.81"
"청춘거지클럽","가난한 청춘들의 캠퍼스 생존 로맨스 코미디","9.78"
"드림웨폰","악몽사냥꾼들 이야기","9.83"
"선녀가온나나","현대의 인간세상으로 내려온 선녀들의 이야기","9.84"
"이프","판타지.","9.85"
"하푸하푸","물범 하푸와 북극곰 꾸꼼, 펭귄 귄귄이의 이야기","9.85"
"문신","문신 판타지 소년만화","8.63"
"blooming(블루밍)","꽃이 만발한,지독한","9.87"
"졸래동화","병맛의 진수를 그대에게","9.83"
"미궁","미궁 프로젝트","9.82"
"오늘도무사히,","보통사람 이야기","9.63"
"애플시나몬","나만 몰랐던 이야기.","9.86"
"동양의색","동양의 색","9.78"
"은빛고릴라","변신 동물들 이야기","9.60"
"윈터우즈","동화같은이야기","9.86"
"달이빛나는밤에","달의 도깨비의 이야기","9.78"
"꽁치가파닥파닥","꽁치의 육지살이.","9.69"
"할로우포인트","판타지입니다.","9.85"
"몬스터즈하우스","이상한 괴물들","9.88"
"NEXUS","심부름회사NEXUS","9.87"
"살신성인","좀비의 학교생활","9.85"
"딸기와밀크티","예대 청춘 로맨스!","9.74"
"그들의방식","현대이능력판타지","9.83"
"보글보글챱챱","잘먹겠습니다.","9.80"
"신수의주인","액션남녀러브로망스","9.82"
"DEADDAYS","- 좀비 스릴러 - 우린 살아 남을 수 있을까?","9.82"
"7번국도아이","추억은 마음속의 보석이다. 보석 같은 이야기를 찾아가는 7번국도 아이.","9.83"
"덕과의동침","오덕남편과의 일상","9.87"
"하나마나","만화일기","9.86"
"황금장미","은빛요정의 로맨스판타지","9.84"
"도전!만화가!!","만화가를 꿈꾸는 만화가지망생들의 도전!!","8.80"
"달달한러브컬렉션","러브컬렉션","9.83"
"불만시대","누구에게나 불만은 있다","9.63"
"렛츠","일상에서의 판타지","9.66"
"어느토요일밤의무지개","어느 토요일 밤, 밝은 빛과 함께 그들이 내려왔다. 그리고 7년 후...","9.81"
"충무공","충무공이 현재에 부활한다. 로봇으로.","9.13"
"BooBoo'sZoo(부부의동물원)","반려가족들의 이야기","9.71"
"펄스나인","축구에 꿈을 건 소년들의 성장 드라마.","9.49"
"미묘한이야기","미묘하다 [형용사] 뚜렷하지 않고 야릇하고 묘하다.","9.44"
"밀레니엄헌터","2000년 세상은 신화속 괴물들의 놀이터가 된다.","9.87"
"나비,물고기","나비,물고기,그녀 그리고 그들","9.81"
"초딩생활2<달탐정발명대>","초딩생활","9.64"
"모두의추억","2002월드컵","9.80"
"아벨","어느 왕의 검부터 시작된 전설","9.52"
"마음을전해드립니다.","마음을 전해 드립니다.","9.83"
"[톡툰]","어른으로 살기","9.61"
"상상고양이","김경","9.86"
"최고의콤비","천사와 악마가 지상에서 만났다!","9.80"
"코크싸이더",".","9.81"
"절대신의유희","사후세계 판타지","9.85"
"포갓레인저","변신액션히어로","9.76"
"동물소대","내 인생의 한 번뿐인 순간","9.45"
"아띠아노","카툰/아띠아노","9.36"
"망각의주인","망각의 판타지.","9.87"
"심박수1280","사이코 순정 로맨스","9.74"
"우주교도소바다붐","우주교도소 바다붐에서 펼쳐지는 죄수들의 이야기.","9.80"
"모태솔로수용소","감옥만화","9.72"
"어떤화랑의아가씨와용의이야기","조용한 판타지","9.86"
"사각사각","캐나다 워킹홀리데이+디자이너 생존기","9.86"
"사랑의기술","매주토요일연재","9.66"
"오나미",".","7.56"
"이여자가덕후로사는것","이렇게 살고있는 덕후도 있다고 합디다~","9.62"
"우리들의다섯걸음","청소년 성장 (아침)드라마","9.62"
"겨울X거울","소년, 소녀를 만나다.","9.56"
"자이언트(THEHERO)","거인, 그의 역사","9.73"
"버퍼링","SF스릴러","9.85"
"사랑은햄스터를타고","라부라부판타지","9.85"
"히키(HicKey)","천사와 악마로 인해 바뀌어 버린 일상! 그리고 그들의 이야기.","9.86"
"시간선完","만월의 날에 관한 미스테리서스펜스","9.80"
"고스트컴퍼니","악마잡는회사","9.85"
"숲속마을친구들","개그 로맨스","9.87"
"무색소녀","로맨스아닌데","9.85"
"후원자","어느날 1억이생겼다","9.76"
"[캠핑툰]햇살이따스해!","캠핑의 매력에 빠져드는 낭만중년 양동이네의 웃음가득 캠핑 라이프 스토리.","9.75"
"만하생","만화가 지망 문하생의 생활 노트","9.86"
"행월이야기","행월이야기","9.72"
"갱스타즈(Gangstaaz)","힙합/랩만화","9.64"
"그녀찾아삼만리","그녀를 찾아서!","9.71"
"도깨비낭자","도깨비와 도깨비와 사람","9.77"
"뉴트리아","뉴트리아세계","9.68"
"어서옵셔,식당입니다.","당신이 머문자리는 아름답나요?","9.39"
"유령라이프","잉여로운 유령과 그 친구들이 사는(?) 이야기.","9.86"
"개화여자정보고등학교","여고일상만화","9.80"
"썸씽","연애는 글로 배웠어요.","9.86"
"소원의조각","하랑이에게소원을!","9.79"
"테임","길들여진.....","9.50"
"마더어스","그들이 원하는 세상","9.51"
"옥탑방마녀","초보마녀의 인간생활적응기","9.80"
"유자의오늘","소소한 일상","9.86"
"정상컴플렉스","알고보면 평범한 사람들의 이야기","9.87"
"알트","알트,쉬프트","9.79"
"이런카페처음이야","카페 판타지 스릴러","9.87"
"마녀수업","마녀수업","9.86"
"숨은,고양이찾기","다시","9.85"
"DAWN여명-트와일라이트2부","황혼 2부","9.85"
"공부할시간","엘리트들의 두뇌싸움","9.83"
"길리","길리는 종종 살인충동에 휩싸이곤 한다","9.87"
"트웰브","시간을 지배하는 자가 세상을 지배한다!!","9.85"
"기묘한책방","특이한 책방이야기","9.85"
"상냥들","캠퍼스 로맨스","9.74"
"빙하기사람들","코믹스릴러","9.75"
"악마도의무교육받습니다!","악마도 받는 의무교육!","9.87"
"커피와스무디","설탕 한 스푼 소금 한 스푼","9.86"
"얼짱의이중생활","완결!","9.79"
"장인의나라","목요일!","9.84"
"블랙보이","용사와 마족","9.76"
"하루달콤하루쌉싸름","추억 속 음식 이야기","9.86"
"그런만화가가있었다","그런 만화가가 있었다.","9.56"
"백설녀와나무꾼","한국에 사는 동화인들의 이야기. 금요연재.","9.87"
"여동생은로봇","여동생이 택배로 왔다!! 그런데 여동생은 로봇?","9.80"
"아무래도좋은이야기","황당하고 재밌는 이야기들 거기에 감동(?) 까지!","9.67"
"멀리서보면,푸른봄","이십대 드라마","9.86"
"튄공","각기 다른 문제로 제자리에 멈춰버린 네 명의 청춘들, 그들이 만나 길거리 농구대회 우승이라는 목표를 가지고 전국을 여행하기 시작한다.","9.81"
"망자카페","죽음이 그려내는 따뜻하고 슬픈 이야기","9.78"
"디바인안드로메다","이계 체험기","9.86"
"누설","초능력시대극. 영매들의 새인생 이야기","9.84"
"카니발-Carnival-","느와르 액션물.","9.85"
"사일런스","본격 오컬트 만화!","9.81"
"L.C.S.F","LOVE COMEDY SCIENCE FICTION FANTASY","9.81"
"지구별통신","지구의 어느 곳을 여행하고 보내는, 지구별통신 :)","9.66"
"심해의조각들","　","9.79"
"진지드셨어요?","아뇨(진지)","9.76"
"못난오리","오리에서 백조로!!!","9.84"
"살인자","누가 살인자인가.","9.86"
"조각일기","하루하루 조각 일기","9.77"
"마스크폴리스","얼굴을 덮어","9.84"
"달래주러왔습니다","아픔과 치료","9.57"
"짐승의맛","인간이 되고싶은 냄새나는 물고기, 그리고 천재 조향사","9.82"
"꽃보다요지경","본격 인문학 웹툰! 꽃보다 요지경!","9.46"
"달콤한계절","첫사랑 이야기.","9.36"
"흉터","연애만화.","9.86"
"죄를삼키는들꽃","'당분간'자유연재","9.78"
"IF","판타지!","9.61"
"아첼레란도","천재가 타고 나는 건, 할 수 있는 ‘재능’이 아니라, 하고자 하는 ‘욕구’이다","9.76"
"그리고우울증","우울증 생활기","9.86"
"다미:고!","복권홀릭 다미","9.86"
"천사라네","인간과 천사 악마의 이야기","9.81"
"FullMetalWing","드래곤, 드래곤 라이더 이야기.","9.85"
"스너프게임","스너프 게임   그림 : 조마피 / 글 : 이썬","9.49"
"신입사원김용사씨","용사의 현실 적응기","9.86"
"트러블앤트리플","평범한 판타지","9.83"
"소년들은무엇을하고있을까","소년들은 무엇을 하고 있을까","9.85"
"스펠SPELL","초자연적인 대상들과 직면한 보통의 인간들","9.79"
"늘푸른찻집","달콤 쌉싸름한 그들만의 청춘이야기","9.85"
"나는귀신과결혼했다","가난한 백수 시절 돈 때문에 영혼결혼식을 올린 이수. 그가 귀신을 상대로 이혼 소송을 낸다?!!","9.52"
"아무래도기사는아닌것같아","생계형 판타지","9.85"
"할라피뇨와겁쟁이","연애물을가장한무언가","9.83"
"더캐슬","정치액션 판타지!!","9.74"
"월한강청록","날라리 무당파 도사의 무협기행록","9.86"
"길위에서","만화가가 되는 길!","9.71"
"나만모르는이야기","혼자인 사람들의 이야기","9.79"
"재온","재온 만화집","9.80"
"사랑사랑내사랑","희대의왕세자 양녕대군","9.74"
"애플다이너마이트","본격 러브코미디","9.78"
"앵두야,연애하자","연애와 삶이 쉬울 수 있을까?","9.85"
"스위치히터","청년백수 구의원이 되다!","9.69"
"취급주의","다섯 아이들의 미친 세상 생존 일기!","9.72"
"미모(美母)를찾아서","미혼모 이야기","9.88"
"안녕도쿄","어쩌면 당신이 모르는 도쿄 이야기","9.80"
"LOVEFICTION","사랑, 추억, 흔적.","9.73"
"그곳에우리가있었다","붉은빛깔 우리","9.70"
"사랑해요누나..","완결!","9.82"
"원뿔러스원","뿔달린 녀석들.","9.84"
"언령","나의 말이 그대로 실현된다.","9.41"
"윈드브레이커","스트릿라이더이야기","9.85"
"솔로가하는연애","솔로들의 썸씽","9.70"
"바이스","판타지 액션","9.82"
"발로그린이야기,","발로 그린 듯!?","9.82"
"백은아란전","소년의 무림생존기!","9.67"
"묘진전","기묘한 동양판타지","9.86"
"치국이야기","치국이야기","9.86"
"숲의노래:영혼이잠드는숲","귀신,사람,무당,그리고태주...","9.83"
"BREEZE(브리즈)","도깨비감투이야기","9.39"
"쏠쏠한일기","오질이와 0숙","9.81"
"소년,소녀에게묻는다.","소소묻","9.45"
"크로우","아자 인터렉티브","9.82"
"평범한8반","웰메이드 병맛","9.62"
"프리드로우","고등학생 드라마","9.85"
"양말도깨비","함박눈마을에서 벌어지는 사사소소 이야기들","9.86"
"썸툰","달달 혹은 쌉쌀 :)","9.87"
"내가아는동생은지금","내아지","9.78"
"몽쥬페","샤프로 싸워라!!","9.86"
"백스쿨","우리아이가 달라졌어요~","9.31"
"정팔이는엄마","시즌2","9.76"
"공간-空間-","소년 소녀","9.85"
"TWINS","정신없는 쌍둥이","9.70"
"오블리비언","연애스릴러","9.85"
"개솔툰","말도 안돼!~","6.88"
"기기묘묘시리즈","기기묘묘한 옴니버스","9.84"
"철수는영희를사랑해","진짜야?","9.86"
"릴리키스(LilyKiss)","소년 장의사 유리의 이야기.","9.74"
"피아타","불사조의 심장을 둘러싼 판타지","9.75"
"안해요씨","내맘대로툰","9.80"
"미스테리게임","옴니버스 호러 만화","9.72"
"샌드위치를먹다","순수했던 어린시절 이후 고등학생이 된 그들의 성장과 치유만화","9.62"
"간밧떼유학생시즌2","일본 유학생 염모의 유학 생활기","9.63"
"버드맨(bird-man)","하늘은 날아 댕기는 마술사 지망생","9.68"
"뉴클리어맨","본격 한국 히어로","9.64"
"나는엄마다","고등학생의 나이에 엄마가된 소녀!!","9.83"
"25세요술공주","시공초월판타지","9.76"
"어느베개의이야기","베개. 그 주변 사람들의 삶에 관하여.","9.78"
"샌프란시스코화랑관","미국 정통 한국 태권도","9.83"
"블랙시저스","★★★★★","9.81"
"신의언어","신의 언어","9.85"
"콜링(TheCalling)","공지를 확인해주세요^^","9.85"
"마피아게임","마피아물.","9.85"
"도복리파이터","환상의 고무술 화랑무와 종합격투기가 싸운다면? 지금 여기 사상최강의 격투기 만화가 시작된다~!!!","9.58"
"다크로드인","어둠왕이 부활했다.","9.86"
"초시공아기요핸슨!!","기상천외! 명랑귀요미 대행진!!","9.61"
"1PushH","그 마을의 비밀","9.86"
"달달한러브파이","과일파이랑꼬마","9.86"
"베어","악의 시대","9.79"
"안녕！후식맨","지구종말판타지","9.83"
"조선의함대","가상의 역사만화","9.56"
"딸기랑나랑","강아지와 동거하는 독신녀의 유쾌한 일상","9.86"
"외모윤리",".","9.86"
"달세즈","다음웹툰 목요일 연재","9.86"
"꿈속의하늘","월요일 격주 업데이트","9.86"
"인섹터","모던 판타지 액션 만화입니다.","9.59"
"샌드스톰","자유연재","9.76"
"에렌티","중세판타지","9.71"
"너에게는그저그런","옆반 1,2등 얘기들음?ㅋ","9.86"
"루비노(Rubino)","다른차원 판타지","9.71"
"신데렐라를찾습니다2","초콜릿악마&모몬","9.75"
"잿빛악마","작가가 공군가버렷!","9.85"
"량-무인정사-","팩션판타지","9.29"
"미쓰토바","백수에서 직장인으로 미쓰토바의 하루일상이야기!두구두구둥!ㅎ 뭐래~","9.78"
"메모리시티-일주일해결사들","기억공존도시판타지","9.79"
"12(TWELVE)","세상이 감추고 있는 비밀!! 그리고 세계를 지배하는... 어둠의 시작...","9.64"
"브로큰","내가 믿어왔던 모든 것이 부서진다.","9.83"
"달자다이어리","중학생 달자의 일상이야기","9.03"
"여고생변신하는만화","반도의 흔한 여고생","9.86"
"호레","판타지, 액션","9.85"
"요신","액션 판타지 입니다.","9.85"
"낼름씨의사랑하며배워가며","초보 유부남의 삶 이야기","9.57"
"더게이머","게임 캐릭터가 되어 버렸다!","9.85"
"몽중저택","잠이 들 때마다 계속되는 섬뜩한 악몽..","9.85"
"고야의일상판타지","고야의 일상판타지","9.80"
"병맛극장","가슴이 따뜻해지는 한잔의 병맛같은 이야기들..","9.75"
"괜찮아yo","안괜찮은데 괜찮은척 살아가는 이야기.","9.77"
"렘브란트블러드","돌연변이의 '제안'","8.70"
"나는고양이와살고있다","필냉이의 고양이 일기","9.85"
"하늘아래우체부","날개를 다친 제비우체부 카르테로와 꿀벌소녀인 아벨리의 우편배달모험.","9.86"
"밥주세요~","너는벌써먹고있다","9.80"
"이상한나라의블레인","현실 롤플레잉","9.84"
"아이엠슈퍼밴딧","포스트 아폴칼립스에서 살아남아야하는 한 소년의 이야기","9.62"
"메리와도날드","로맨틱 코미디","9.82"
"HolloW","Witch vs Vampire","9.86"
"황태자의하루","영국왕자가 실종됐다","9.84"
"그녀는무사다","명랑 x 불개미","9.46"
"어나더월드","그들의 이야기","9.85"
"천지해","어린 황룡이 바꿔가는 이야기","9.86"
"수상한상담소","버림받은 녀석들의 유쾌한 반란!","9.31"
"뮤지션","연습생들의 연애","9.80"
"곰돌이와길냥이","일상의 공감되는 이야기","9.79"
"히러브즈미","그는 나를 사랑하게....될까?","9.52"
"남자들의수다","남자들도 여자들만큼 수다떤다!","9.71"
"신의일요일","신의 능력을 가진 초능력자들의 이야기","9.77"
"일리티이아의심장","‘권력층에게 자유를 빼앗긴 채 인생을 살아온 자’인 마샤와 ‘국가를 위해 희생하였지만 권력층의 이득을 빌미로 부당하게 추방당한 자’인 아리스의 모험 판타지 순정.","9.80"
"아이들은즐겁다","아이들은 즐겁다","9.86"
"땅끝에서","땅 끝에서 살아가는 아이들.","9.85"
"천하무적칠남매","남다른 칠남매의 좌충우돌 가족사랑? 이야기","9.77"
"불새","난 지독한 악몽을 꾸고 있을 뿐이다.","9.62"
"포츈쿠키","지름신 강림!!","9.80"
"연애혁명","개그로맨스","9.87"
"죽고못사는남매","남매의 일상생활만화","9.80"
"비그리고...[리뉴얼]","비와 첫사랑에 대한 이야기","9.68"
"하얀여자이야기","위안부 관련만화를 업로드했습니다","9.78"
"이만오천원이야기","이만원과오천원이야기","9.85"
"어둠이스러지는꽃","조그만 노인, 칼을 든 아들, 그리고 어둠","9.86"
"Deadtotheworld","특이기면증","9.85"
"우리는우연히그리고","우리는 우연히 만나고 그 시절을 그린다.","9.85"
"소년,남자의이름으로","소년들이 사랑을 알아가는 이야기","9.83"
"김강우이야기","강우의 프랑스 생활기","9.78"
"산타시스템","복합 다양한 산타들의 이야기","9.39"
"겨울성의백작","어두운척하는개그판타지","9.86"
"왕성고의흔한사건","왠지 미묘한 사건이 자주 일어나는 사립 왕성고등학교. 그러한 사건들을 곧잘 해결하는 묘한 학생들이 또 그 곳에 있다.","9.78"
"세개의달","판타지 로맨스","9.55"
"데이드림","추억을 기억으로","9.84"
"아프리카의대장","아프리카 킬러 한국에서 영웅되다.","9.45"
"조선협객유랑기","조선협객유랑기","9.78"
"파블(fable)","저주,축복 판타지","9.86"
"달댕이는10년차","만난지 10년차 달수와 댕시. 사랑과 의리의 이야기","9.80"
"법칙과순서의세계","순서와법칙의 세계에서 살아남는 내용","9.68"
"Circle","있을법한 여고 이야기","9.86"
"내맴툰","내 마음대로 내맴툰","8.96"
"콩담콩담","도란도란소란소란","9.61"
"김강사이야기","시간강사 김강사 오빠가 들려주는 시사이야기","9.80"
"커서","스릴러 느와르","9.73"
"블로섬데이즈","초보 선생님과 초보 사회인이될 제자가 같이 성장하는 이야기","9.80"
"달이내린산기슭",".","9.78"
"마들레느가9번지","마들레느가 9번지에선 어떤 향기가 날까?","9.72"
"버츄얼패밀리","가족 시트콤","9.85"
"엄마왜","엄마,왜?","9.62"
"별을건너는방법","이세계 차원 이동물","9.86"
"로맨틱마블링","로맨스 코미디","9.54"
"비아이단편집알콩달콩","알콩달콩 사랑 이야기","9.84"
"너의HEART를나에게줄래?","학원물 로맨스","9.85"
"마니콩","우리들의 일상 생활속 고수가 나타났다!","9.62"
"하루","고맙다. 고맙다. 참말로, 고맙다..._엄한소리","9.67"
"신기록","각종 신들에 대한 이야기","9.86"
"즐거운생활","웃음의 미학","8.68"
"사사롭지만좋은날","사사로운 이야기","9.86"
"인간사이에악마","인악","9.88"
"커튼콜아래그랑","판타지","9.83"
"NEIGHBORHOOD",".","9.59"
"달리자,호주!","본격호주워킹만화","9.78"
"[좀비]이게무슨일?","스릴러 판타지","9.44"
"어제오늘그리고내일","과거, 현재, 미래에 대한 이야기","9.86"
"카프그라증후군","SF단편","9.80"
"바보들의정원","사랑한다 말할걸","9.78"
"PunkyPunkyLife","일상의 부조리를 펑크적으로 해결하는 트리오 활극!","9.80"
"뿌바와친구들","공감, 에피소드, 철학","8.79"
"달달한하루","달달은 훼이크","9.54"
"루나온더스카이","고등학교 시절의 첫사랑 이야기","9.79"
"구리의구리구리","에피소드 유머","9.85"
"소미무","소년들의 미션은 무엇일까","9.86"
"바삭바삭한친구들","과자친구들과 공감하며 웃어주세요:)","9.56"
"오빠까는만화","본격 오빠까는만화.","9.85"
"카레카레","이민 카툰에세이","9.64"
"미켈란젤로다빈치","르네상스활극","9.54"
"나비일기","관찰일기","9.83"
"메모리즈레인","그리운 기억의 흔적을 찾는 소녀의 이야기","9.86"
"사랑후愛","이별 그리고 추억","9.77"
"싸이클로(순환)","순환의 연속","9.31"
"동네변호사조들호","동네 건달? no! 동네 변호사 조들호!","9.37"
"반마(半魔)","연재중지","9.40"
"그들의휴일","A씨의 알바이야기","9.76"
"사계절마법소녀","백수가 된 마법소녀","9.80"
"호밀밭의하수군","인생의 하수(下手) 지하수(21세)의 뜨거운 성장드라마","9.79"
"엄마는고슴도치","두딸을둔엄마의일기","9.52"
"세상의아이들","눈에 귀도(鬼道)가 뚫린 남자의 시선너머의 세상 바라보기.","9.80"
"왕이산다","판타지 현대 사극","9.81"
"야오네집","살아가는 이야기","9.78"
"블링유에의텔레파시푸시","블링유에의 텔레파시푸시","8.66"
"뽀짜툰","우리집 똥고양이들을 만나보실래요?","9.85"
"미녀와마녀","러브 판타지 액션","9.53"
"익스플로러","완결을 향해 달려가고 있습니다.","9.72"
"다시돌아오는버스","다시 돌아오는 버스","9.69"
"홍차한잔어때요?","홍차 한잔에 로망을 담아...","9.65"
"다크서클","잠을 자고싶은 그의 이야기","9.78"
"전설이었던사나이이기평","본격 e-스포츠 만화, 이기평! 최고였던 남자가 다시 돌아온다!","8.74"
"기프트","기프트","9.84"
"나의날","한 저승사자와 그의 아버지 이야기","9.83"
"애플파이","1950년대 오스트리아 청춘들의 이야기","9.64"
"야화","그림자 이야기","9.79"
"EVEN","대한민국 유적에서 발견된 비밀의 미라","9.80"
"학교귀신","귀신 나오는 학교","9.86"
"플린트락머스킷","머스킷시대 수인들의 삶과 전투 그리고 영웅","9.78"
"독신으로살겠다","언닌 독신 스똬일~","9.74"
"아이딜리아","스팀펑크액션","9.48"
"연우퇴마기","연우와 수호령 현우의 퇴마이야기","9.78"
"신데렐라를찾습니다","희동이&초콜릿악마","9.81"
"워닝사인","소방관이란 호칭을 갖게 된 사람들의 이야기","9.79"
"탈리시아","성장판타지!","9.64"
"핑크표범의야미어트","맛있는 다이어트, 야미어트(yami-et)","9.80"
"트럼프","리메이크","9.85"
"도전만화가변봉","만화배틀웹툰","9.69"
"언더그라운드","지하철을 타고 다닌다.","9.71"
"무탄트","돌연변이","9.85"
"스핑크스에이지","재능을 먹는 짐승들의 이야기","9.85"
"스펙트럼분석기","헤어디자이너와 코미디언의 만남.","9.85"
"될성부른떡잎","동요서바이벌오디션만화!","9.68"
"유랑민족","유랑민족의 나라건국기.","9.83"
"FreemanLee","자유인","9.74"
"신단군전","새로운 시작","9.65"
"스페셜에이전트이설","엄마는 비밀요원","9.52"
"하양하","불쌍한 어떤 사람","9.86"
"홈스위트홈","무공해 사랑","9.85"
"실연소녀","완결!","9.88"
"돼지코","ㅋㅋㅋㅋㅋ","9.64"
"슷슷","긴 만화","8.99"
"굿마이베리파파.","그녀를 기억해줘요. 그녀의 이름은 나래.","9.75"
"LOSTISLAND","그리고 그 곳엔... 아무도 없었다.","9.77"
"고딩의사생활","♬","9.85"
"수호령","접령의 체험!","9.01"
"카산드라","트로이의 공주 카산드라 이야기","9.75"
"호랑호랑이","호랑 호랑이,미야 이야기,인장이,코로코로","9.44"
"seedling","외로운 소녀, 포기한 소년 그리고 헤매는 어른의 이야기","9.83"
"초월(超越)","우리들의 시간","9.79"
"유신기(儒神記)","캐쥬얼사극판타지","9.77"
"피펨즈(FEFEMZ)","외계인과의 일상예능시트콤!","9.33"
"블루베리옹심이","자연식식당 블루베리 옹심이를 중심으로 일어나는 소소하고 소박한 이야기","9.67"
"댐비야","본격 직장만화!","8.17"
"시궁쥐구멍","By 임주희(본격 사육 조련 판타지 러브로망)","9.80"
"추억이뭉게뭉게","17년전 10살의 천방지축 코알라 일상속으로 고고 고고 !!","9.43"
"단편시리즈","이것저것 이야기가 다른 단편들","9.76"
"백수(百壽)","직장을 잃은 주인공의 미스터리한 사건으로 펼쳐지는 스토리.","8.75"
"유다아이야기","_","9.84"
"여름이끝날무렵","우와~여름이다~","9.59"
"맛집남녀","고품격 정통 맛집 만화!","9.63"
"오늘부터파릇파릇!","사회성 ZERO! 무엇하나 쉽지 않은 아이들의 친구 만들기.","9.84"
"원각주","우정과 가족 愛","9.81"
"우리는고저스맨!","우리는 고저스맨! 2부","9.58"
"불라불라","말콩 말콩 웹툰","9.66"
"트럼프(Trump)","X","9.85"
"「김네몽's그림일기」-시즌3.육아일기","시즌3. 육아일기!","9.71"
"달팽이일기","졸업, 그리고 여전히 서툰 성장 이야기","9.84"
"나비가나타났다","나비,나","9.71"
"크리스탈레인져","신감각 스펙타클 액션 히어로즈 대서사시","9.57"
"세상에서가장행복한고양이","어느 고양이의 파란만장한 동거~","9.86"
"홍데렐라","현대판 코믹 신데렐라","9.81"
"힛온","남자가 여자로! 일상판타지","9.85"
"토닥토닥그라피티","성인(?)들을 위한 이야기","9.54"
"TheMasque","더 마스크","9.81"
"비행소년","날라리 만화 아님","9.50"
"똥끼네","똥끼네 이야기","9.47"
"드림(DREAM)","새로운 세계로 통하는 문","9.67"
"시한부사람","SF표방 로맨스","9.07"
"뽀거데이","뽀거데이","9.76"
"광전사령부","밀리터리판타지","9.26"
"아더월드","때는 전국시대","9.39"
"희한한동물이야기","줄여서 희동이.","9.74"
"터거(turgor)","비정기 자유연재 합니다.","9.38"
"싸이코","왕따 싸이코","9.75"
"오늘의끝에서내일을보다","2020년.. 인류에게는 어떤 일이 일어날 것인가.. 커다란 음모속에 휘말리는 여덟명의 이야기","9.69"
"화니의소금주방","집에서 실천해 봅시다!","9.55"
"저주상인","저주받은 주술사의 여행.","9.76"
"아빠를찾습니다.","돈이없는 백수와 가족이 없는 여학생의 이야기","9.79"
"금요일","세상에 없던 공포","9.72"
"네로의실험실","낯선 이야기들","9.82"
"조선좀비","그녀를 지켜야한다!","9.80"
"차원이동전문환상부동산","판타지 로맨스","9.78"
"수신기搜神記","무기한 휴재","9.78"
"시큼새큼","학원성장로맨스","9.84"
"그녀는흡!혈귀","흡혈하는 여자와 흡혈당하는 남자","9.83"
"신령","여덟개의 방울과 여섯나라의 이야기","9.81"
"위아더능력자!","외쳐ㅋㅋ!","9.82"
"새벽9시","어둠 속에 멈춰버린 시간, 새벽 9시. 오지마을 오왕리의 비밀이 드러난다.","9.79"
"플라잉스쿼럴걸","날다람쥐소녀","9.79"
"New생각대로양파링","본격 무개념 개그 생활 웹툰 생각대로 그림일기","9.44"
"포션매니아","약물복용 만화","9.80"
"달콤한푸른별","125세기 외계인이 득실대는 지구에서 벌어지는 서부극","9.79"
"이세계의마법사","현실속 마법사들의 이야기","9.78"
"LOS","정의로운 사회","9.80"
"사갈(蛇蝎)","한국형 판타지","9.85"
"시밝","안녕","9.84"
"위험한들개들","해결사들","9.37"
"베이비시터","Yo! Baby Sitter!!","9.73"
"마지막나날들","종말속에서","9.72"
"블로우","블로우로 인해 일어나는 인류의 이야기","9.68"
"동거","평범한학원물","9.80"
"GO","GO","9.72"
"[글레이저]","거울속의나는왼손잡이오 내악수를받을줄모르는-악수를모르는왼손잡이오","9.64"
"라면이야기","후루룩~ 라면이야기! 배고파진다...","9.54"
"땅의기록","민담 판타지","9.78"
"애정만사","만가지의 사랑이야기...","8.46"
"궁극고등학교","엘리트한 학생들이 온다!","9.27"
"네셔널지오캠퍼스","동물들의 대학 생활!","9.78"
"난누군가또여긴어딘가","옹아리의 모험기","9.63"
"언노운-(Unknown)","현자 쟁탈전","8.78"
"경계界","진정한 한국형 도시요괴액션판타지!!","9.66"
"사우나토크","사각의 사우나 안에서 다섯 남자가 말하는 뻘소리","9.68"
"요괴의순정만화","요괴의 순정","9.58"
"초딩생활","초딩생활","9.75"
"일상공포","무심코 지나쳤던 일들이 나 혹은 다른 사람에게 무서운 일 일수도 있다.","9.32"
"눈의여왕","나쁜 남자 벗어나기 프로젝트.","9.61"
"천연(天緣)","하늘이 만들어준 인연의 시작","9.78"
"여기까지살아왔다!","육구가족의 좌충우돌 임신 육아일기입니다","9.16"
"벨루마포스트","레드메카닉","9.71"
"슭이로운생활","슭의 매우 소소한 일상이야기","9.66"
"ONEDAY(원데이)","어느 날, 지구가 망했다. 인간은 죽고, 다시 깨어났다.죽음에서 깨어난 자들은 산자의 절망이 되었다.","9.75"
"[하마탱]일편단심하여가","카툰 시트콤: 하마탱의 일편단심 하여가 www.hamatoon.com","9.56"
"십이야(十二夜)","정식 연재일 공지","9.79"
"정씨남매","정씨남매네 이야기","9.76"
"레사(lessa)","혼을 먹는 자들과 인간의 이야기","9.79"
"NaturalBornIdiots","선천적 얼간이들","9.79"
"귀예록","끝나버린 인연을 자르는 자. 어느 귀백의 이야기.","9.79"
"고렘소환사","SF환탄지 스토리","8.96"
"「사랑中..」","준서랑 연이랑 알콩달콩","9.77"
"여름소년","동화같은 사랑이야기","9.62"
"소똥","계동리에 사는 억순이의 이야기","9.38"
"더게임","밀실게임 가위바위보","9.70"
"은희공방","공감이야기","9.41"
"창공의벨로보그","SF 배틀 액션","9.70"
"낭만house","그럼에도 우리는 이곳에 모였다.","9.75"
"콤플렉스","그들&당신의 이야기","9.79"
"햄스케치","햄스케치","9.33"
"리치+리치","리치가된 만화가","9.78"
"모두에게완자가","동성애 일상툰","9.72"
"능능","여캐와 남캐 비율을 5:5로 맞추고 싶은 만화","9.78"
"망고맘보","당신의 메마른 인성을 촉촉히 적셔줄 유쾌 상쾌 휴머니즘 코믹스 망고맘보","9.75"
"인디뽀뽀요","슈슈네 가족이 전하는 따뜻한 사랑이야기.","9.59"
"MASQUE","추리스릴러 마스크","9.76"
"라이트닝플로우","능력자싸움","9.60"
"TheHole","the hole","9.77"
"하리랑에그타르트","빵집노예","9.90"
"사랑사랑사랑","사랑에 웃고 사랑에 울고...그래도 사랑을 한다.","9.84"
"TheR.R.H","빨간모자","9.76"
"NoNameD","미스테리학원스릴러","9.78"
"NIHILDANT","그들의 평범하지 않은 이야기","9.82"
"기사도","액션스릴러!   강도를 잡아야만 하는 나는 도둑이다!","9.76"
"5일의기적","기간은 5일 그 안에 사랑과 돈을 쟁취하라","9.78"
"알바생생","알바생의 생생한 알바스토리. 실수 많은 시급 4,580원짜리 에피소드 인생!","9.55"
"코코랄라육아일기","코코의 랄라라~ 신나는 육아웹툰","9.65"
"지나툰","지나의 일상이야기","9.46"
"당신과나의귀한만남","용의 대지를 찾아서 떠나는 이야기","7.79"
"이리안경점","조금은 특별한","9.78"
"지박령브레이크","지박령이 탈옥했다!","9.79"
"우리동네세일러문","우리동네 세일러문과 친구들이야기","9.40"
"방랑청춘기","세명의 청춘거지들의 일상 들여다보기","9.34"
"샤이닝걸","전직 마법소녀들이 마법 아줌마로 뭉쳤다?!","9.76"
"기타맨","기타맨 포츠만이 힘겹게 살아가는 우리를 위로해 준다!!","9.78"
"향일화","죄송합니다.","9.78"
"아이들의권선생님","어른과 아이.","9.79"
"아는사람이야기","소소한 연애담","9.78"
"지구인","멈춰버린 사람들","9.77"
"굿바이엔젤","은근한 스릴러임","9.75"
"아레나걸스","소녀 검투사 데바의 극한대결!!!","9.75"
"좀비의순정","좀비의 순정","9.58"
"블래비","소울래빗 블래비","9.71"
"파이브소울","다중인격소년 이야기","9.62"
"좀비를위한나라는없다","좀비를 위한 나라는 없다","9.66"
"둥근해가떴습니다","고기좋은만화","9.77"
"알타입프로젝트","상인판타지웹툰","9.39"
"융's교육일지","순수한 아이들과 보내는 행복한 시간. 유아교사였을 때의 여러 가지 에피소드입니다.","9.55"
"마요네즈참조아","마요네즈참조아","9.68"
"스왓걸스","특수경찰대 [스왓]의 여성들로만 이루어진 스왓걸스의 이야기","9.66"
"헤라디아","4인 파티의 모험","8.81"
"MyOH","개성만점 학생들의 오케스트라 만들기","9.78"
"달리자,콜롬비아!","콜롬비아로 떠나자!","9.78"
"유피씨의그림일기","그냥 별거없는 유피 이야기","9.53"
"소꿉친구","소꿉친구 러브 스토리","9.75"
"REDSTORM","환타지 액션 활극","9.55"
"인형의주인","천하라는 가상의 대륙을 유랑하는 인형의 유랑기","9.25"
"스퓨메어:연기처럼사라지다","연기처럼 사라지다.","9.73"
"항문미남랩소디","세상 무엇 보다 아름다운 항문을 가진 남자의 이야기","9.75"
"미친G(미숙한친구는G구인)","매우평범한개그","9.77"
"허당견라이푸새미","아방강아지 새미의 속 빈 생활","8.79"
"몬스터삼국지","삼국지 세계에 몬스터가 나타났다.","9.27"
"트론즈","날개 이야기","9.75"
"돈까스","돈 못쓰는 남자 & 까다로운 여자의 러브 스토리","9.69"
"성형애인","그녀가 성형을!?","9.73"
"[월이의]언니다님의살빠지는세상","20만 네티즌 트레이너와 함께하는 언니의 다이어트 프로젝트!!!!","9.71"
"데스티니","안죽어요","9.81"
"코스튬플레이어-란","다른 누구보다 캐릭터 소화력이 뛰어난 '하소연'이 코스튬 플레이를 하면서 겪는 좌충우돌 팡팡 튀는 이야기~!","9.76"
"위로","취하여라. 술에건, 시에건, 그 무엇에건 다만 취하여라.","9.69"
"올리브스쿨(Oliveschool)","판타지 학원라이프.","9.77"
"옐로우","음악을 사랑하는 사람들의 이야기.","9.74"
"아수라연","무술학당, 그곳의 인연.","9.75"
"오늘도풀때기","오늘도 풀때기","9.68"
"라이징패스트볼","고교야구만화!","9.59"
"나공댁","저의 소소한 일상입니다.즐겁게 봐주세요 ㅋㅋ^___^","9.66"
"즉석야구부!","야구부 꼭 살릴꺼야!","9.49"
"더나이팅게일","의문의 남자에게 파괴당한 나이팅게일 숲. 그곳에서 도망친 렌 카이엔의 복수를 위한 성장 모험기.","9.73"
"3MAN","사고뭉치은행강도","9.58"
"바람이머무는난","소녀와 용","9.78"
"유니섹스(UNISEX)","성 정체성의 고민을 겪는 10대 청소년들의 성장드라마","9.77"
"계란후라이","자취생활3년. 밥은 먹고 다니냐?","9.65"
"낭만두더지나두","너는사랑을알아?","9.52"
"HOLE","판타지 성장 만화","9.76"
"모니?모니!","모니모니와 함께 별난 판타지 여행을 떠나보아요.","9.21"
"쓰리","저희 쓰리는 고객님이 원하는 물건, 그 어떤 것이든 싹\\\\\\'쓸이\\\\\\'해드립니다~♡","9.59"
"톰캣!","짐승들의 씐나는★ 스쿨라이프(?)","9.76"
"카오스어택","막장히어로개그물","9.76"
"김복길의blahblah","김복길의 블라블라입니다.","9.50"
"AiMer[에이머]","SF 청춘영웅물!","9.72"
"오리지날트랙1","로맨스 스릴러.","9.67"
"허브향기좋은날?SF","행복의 향기","9.76"
"파르카이","판타지 드라마","9.80"
"씨티라이프","그녀의 씨티라이프","9.25"
"지호의기묘한원룸","평범한 4컷 만화","9.64"
"둘만의이야기","일년전 헤어진 그를 다시 만나다","9.77"
"헬퍼","△연재공지△","9.76"
"CORE","완벽한 실패작","9.66"
"언더시티","가상현실게임만화","9.66"
"커피중독자","comics diary ♡","9.39"
"이런영웅은싫어","히어로만화가 맞으려나","9.78"
"꽃밭에솔","꽃밭에솔","9.78"
"격투기특성화사립고교-극지고-","극지고","9.75"
"천년구미호","천년구미호","9.78"
"문댕댕의Daybyday","도도한 레이디의 평범한 하루하루","9.76"
"문아(問我)","동양의학 드라마","9.77"
"CheapAn'Nasty","하류인생","9.74"
"더호러스(TheHorrors)","두치와 뿌꾸패러디","9.70"
"언제나!별난하루","어린이집 일상만화","9.50"
"Ah!저이야기","연재중단.","9.74"
"달리기","꿈이 없는 사람들을 위한 이야기","9.79"
"빨간봉투","쉽게 돈을 벌 수 있는 대신 소중한 뭔가를 포기해야 한다면?","9.54"
"눈이초롱초롱반짝반짝♥","개그만화","9.21"
"GEMMA.젬마","　","9.75"
"천원일기","이런 천마계로 괜찮은가","9.70"
"외눈박이물고기","황태우","9.74"
"비스캣","Viscat","9.64"
"푸른피의소년","장편 판타지","9.33"
"심심한마왕","할일 없는 마왕의 심심한 일상","9.76"
"얼룩말","백수 한세태가 우연히 새 룸메를 맞이하며 겪는 이야기.","9.76"
"이단세","가족 학원물","9.79"
"카일룸","악마에 대항해 싸우는 성인(聖人)들의 모험이야기.","9.61"
"키스마이라이프(KissMyLife)","한 소녀가 자신에 대해 알아가는 성장만화","9.79"
"딩스&뚱스","미국에 간 딩스와 뚱스","9.54"
"아이란건","초콜릿을 너무나 좋아하는 아이의 좌충우돌 초콜릿 사수기!!","9.47"
"백야(白夜)","TRIPLE 43013","9.65"
"시골앤더시티","소박한 4컷만화","9.73"
"이사모괴짜가족","엽기발랄 치아교정 스토리","8.89"
"도사랜드","도사들이 사는 세상","9.56"
"타임인조선","철수와 준재의 조선견문록(?!)","9.64"
"그남자의'!'","운명의 상대와의 이별, 그리고 벌어지는 기묘한 일들","9.52"
"완전한인간","피아노 만화의 탈을 쓴 발달장애 아동 보육 만화.","9.78"
"디지털브레이커","상상이현실이된다!","9.67"
"[실화]사랑하니까시즌4","2030세대의 실제사랑이야기를 바탕으로 제작","9.67"
"헤븐샤워(HeavenShower)","천국이 쏟아지다.","9.75"
"다른세상소년","필승고 악마 신수현","9.55"
"길에서만나다","함께 걷고 싶은 길, 서울풍경.","9.64"
"레비아탄","사랑하는 당신에게","9.73"
"꽃같은인생","본격 연애물!","9.63"
"괴짜여기숙사","소소한여대기숙사만화","9.77"
"친절한영희씨","본격다직업열혈히로인개그만화","9.60"
"가타리안","누군가를 죽여야 보상이 주어지는 가타리안. 가타리안이 된 한신. 보상을 통한 그의 무한 업그레이드.","7.35"
"괴몽탐정라로샤","본격드림환타지","9.56"
"잉코무뚜","제국과 마법, 그리고 소수종족 잉코와 무뚜의 이야기","9.57"
"잡았다","그냥 이별 만화.","9.74"
"싸바?싸바!","쌈바 아니고 싸바 (Ca va?  Ca va!)","9.59"
"LAYERS","학원액션판타지서스펜스로망이능력배틀물","9.71"
"자취방의금수들","먹어도 먹어도 배고프고, 자도자도 졸린 삶.☆자취하는 금수들의 그림일기☆http://blog.naver.com/npsngs","9.68"
"선인장과라디오","그들이 말했다.","9.75"
"천체의성","천체의 성을 지키기 위한 태양소년과 친구들의 모험.","9.55"
"매진녀밀리케이","매사에 진지한 녀자 밀리케이","9.64"
"SoulGuide-소울가이드-","저승사자 프로젝트!","9.65"
"마음을주세요","괴수녀의 마음을 뺏어라.","9.22"
"사신전","사신전","9.73"
"먼지처럼","유난히도 추웠던 그 겨울날의 이야기.","9.53"
"무토(Muto)","리메이크예정","9.70"
"악마왕의괴팍한나라","악... 만우절입니다","9.50"
"아스말의노래","판타지 미스테리 액션 모험","9.53"
"탈(TAL)","by 강임","9.76"
"진부한로맨스는영원히.","흔해빠진 사랑타령.","9.79"
"내어린고양이와늙은개","인생 견생 묘생","9.75"
"고시생툰","고시생 이야기","9.69"
"혈액형에관한간단한고찰","각자 다른 혈액형들 사이에서 벌어지는 즐거운 에피소드","9.70"
"그라운드제로","1945년 8월의 이야기","9.72"
"StuporMundi","'세계의 경이'","9.59"
"마야","마야","9.16"
"잡초이야기","part 1.농부찬양가","9.67"
"SORRYMAN","우리집에 살인마가 왓다.","9.67"
"관유의상자세상","현재 예속요를 연재 중입니다.","9.27"
"엔파이터즈","격투 게임의 최고가 되는 그날까지","9.13"
"시간의섬","마지막 공지","9.67"
"누구세요","고양이라서 미안해","9.62"
"인터뷰","스릴러","6.49"
"아멜리아","유쾌한 일상으로 만들어 가는 청춘의 기록","9.70"
"Scapegoat","Scapegoat","9.63"
"하트먼트","정많은 아파트 이웃사람들과의 우당탕 즐거운 에피소드","9.74"
"HAVEN's","헤이븐","9.41"
"케이쿤이야기","일상 개그만화","9.38"
"슭의말년휴가","슭의 군대이야기","9.06"
"페이백[완]","판타지소년만화","9.45"
"seal","루이","7.99"
"파푸리안","그와그녀","9.54"
"기세기세(기네스세계기록세우기)","기네스 세계 기록을 세우려는 한 소년의 도전이 시작된다!","9.59"
"컵씨의마음차","여유만만 티타임","9.66"
"발타인(BALTAINE)","개그RPG만화","9.55"
"사랑의아쿠아리움","사실개그만화","9.63"
"아이디어맨","순정만화","9.48"
"봄이여오라","현대판타지로맨스","9.68"
"크리퍼스큘(Crepuscule)","뱀파이어 학원 판타지","9.74"
"어서와","어느 자취생의 이야기","9.82"
"피노키오","그들의발랄한일상생활","9.75"
"잭과콩나물!!","본격 정신나간 콩나물vs잭 격투만화","9.45"
"앜","ㅋ","9.60"
"늑대의성","늑대와 달과 계약자.","9.75"
"스물둘*","유냐 ;)","9.43"
"무령[巫鈴]thekinslayer","인간과 인간이 아닌 자. 그리고 인과율에 따라 그 두 세계를 잇는 소녀의 이야기.","9.74"
"LOST","잃어버린 자들의 이야기.","9.67"
"별의유언","그가보는이야기","9.69"
"소년전[Limit]","판타지 코믹액션","9.42"
"들어는보았나!질풍기획!","오늘을 사는 우리네의 질풍같은 이야기","9.71"
"STUPORMUNDI","중세역사판타지","9.31"
"그런지(grunge)","밴드만화!","9.69"
"폭력의신","스타일리시 리얼액션","9.62"
"잠이오냐","학원과 집에서 벌어지는 일상 개그만화","9.76"
"이별에서이별하는법","이별만화","9.83"
"카페,롤링페이퍼(CAFE,ROLLINGPAPER)","그와 내가 진정한 가족이 될 수 있을까?","9.76"
"와일드(THEWILD)","와일드한 녀석들의 와일드한 만화","8.85"
"안개숲에살다","전생으로 부터의 기다림, 알수없는 운명이 안개숲으로 이끈다.","9.70"
"저스트나우","하고싶은걸 시작할'때'는 내일도 모래도 아닌 그냥 지금","9.57"
"PWAP(피와피)","피와 피가 얽힌...","9.76"
"방울토마토","민훈이 고딩이야기","9.75"
"옆집화랑","옆집에 화랑이 산다","9.74"
"클래비쇼","초대박 프로젝트","8.88"
"녹색문","녹색문","9.75"
"미친4컷2010","4컷만화.","9.74"
"오마이레이스(Oh!mylace)","아주 강력한 쇼핑몰이 온다!!!","9.74"
"봄봄","봄봄","9.75"
"내일은만화왕","본격입시만화만화","9.71"
"낙원이야기","SF샤머니즘","8.18"
"양의향수병","어른 동화","9.55"
"세가지색클로버","3가지 인격의 주인공이 펼치는 액션만화~","9.54"
"지구방위연구소","본격 4컷만화","9.74"
"델리의말랑말랑","외로워도 슬퍼도 나는 안울어-","9.03"
"자취주부男만화일기/금속문어","금속문어 - 자취주부男 만화일기","9.76"
"마녀가되다.","도전!도전!","9.63"
"설뫼뎐","바위의 모험이야기!","9.75"
"기적이운다","기적이운다 연재공지","9.39"
"흑색논란","인간과 종(種)이 된 인간들의 전쟁","9.69"
"여자만화[구두]","여자만화","9.74"
"배추걸다이어리","나는야 미녀 배추걸","9.75"
"별과바람과꽃길의왈츠","소년과 소녀의 모험 이야기","9.69"
"YUGA","뭐든지 다 이유가 있는 거 아니겠어?","9.69"
"조선명탐정진현군","가상국 조선에서 추리세계가 펼쳐진다","9.77"
"라에스토나(LaEstona)","New Estona Project","9.63"
"쳇세렌디피티","라 돌체비타","9.08"
"개와나","bye~","9.69"
"Guardian","수호자","9.75"
"어쿠스틱라이프",":","9.57"
"스물일곱","감동로맨스","9.56"
"'아동전문'동화미술학원","요괴와 인간, 최후전선 동화미술학원의 오늘은...","9.70"
"견우와직녀","견우와 직녀의 또 다른사정","9.57"
"위기의인생","피할 수 없는 위기의 이야기.","8.64"
"달려!!","야구를 사랑하는 고교생들의 이야기.","9.23"
"출동!인간퇴치사무소","권리찾는 귀신들","9.59"
"스토커","누군가 당신을 지켜보고 있다면?....","9.77"
"포그이야기","포그이야기 Vol.4 - 서른 즈음을 살아가는 사람들의 이야기","8.28"
"철가방익스프레스","좌충우돌 철가방 시트콤","9.65"
"[울지마]","미르+폭냥 = 울지마","9.64"
"나와너","나와너","9.77"
"블루로맨스(blueromance)","푸릇푸릇한 청춘","9.50"
"낭만다이어리","주낭만을 불러봐. 롸잇나우!","9.21"
"푸른도마뱀","환타지 만화 입니다.","9.48"
"신의탑","신의탑","9.73"
"살인자ㅇ난감","물건 파는 것도 아니고 카피는 무슨...","9.65"
"제페토","제페토 할아버지와 피노키오의 휴먼스토리","9.66"
"어느공대생이야기","어느 공대생 이야기","9.68"
"우리가흘린메모지들","판타지 휴머니즘, 드라마 단편선","9.57"
"사랑을주세요","사랑을 주세요","9.67"
"참잘했어요!","참 잘했어요!","9.67"
"PenguinlovesMev","한국여자, 영국남자.","9.76"
"스페이스차이나드레스","코믹SF무협","9.63"
"까마귀의편지","까마귀의 편지","9.61"
"환상주사위","환상학원모험물","9.69"
"파란만장꼬무신일지","기다리는 것이 아니라 사랑하는 것이다.","9.20"
"곰팅이의하늘우체통","사랑많고 마음따뜻한 곰팅이가 들려주는 세상에서 가장 아름다운 이야기","9.57"
"보보니이야기","사랑.우정.인생에 관련된 이야기","9.76"
"귀신이보이다1(막장녀의일기)","주인공 왕추자에게 귀신이 보이기 시작한다","9.55"
"스마일브러시","스마일브러시","9.70"
"BESTWAY","BEST WAY","9.48"
"서머너즈","Playing English","9.54"
"[그녀의비무다]","무림 다이어리","9.68"
"[야메떼오이상]","실연당한 찌질이 백수의 여자친구 되찾기!","9.63"
"너땜에찬란한내인생!","상큼 러브판타지♡","9.64"
"폭풍의전학생","살아남는게목적임","9.69"
"특수영능력수사반","특영반","9.72"
"무차별소년소녀","놀고 있어요.","9.77"
"러비츠","신입디자이너 러빗의 좌충우돌 성장기","9.36"
"Captor","열등감에 사로잡힌 사람들의 이야기.","9.76"
"죽음의섬","미스터리전쟁공포 스릴러 - 죽음의 섬. 남양군도   연기가 피워 오르면 병사들이 죽는다. 왜?","9.66"
"아무것도아니에요","말하기어려운 마음한부분의 이야기","9.69"
"우리이모이야기","젊음과 끼를 주체 못하는 우리 이모 <제란>과  가족들의 이야기","9.50"
"신부의조각","평범한 듯 평범하지 않은 일기(?) 일까나... 장르는 아직 고민중","9.67"
"CELL","우리는 언젠가 죽습니다. 단지 그 때를 우리 마음대로 할수 없을 뿐이죠.","9.60"
"낯선자들의보고서","다른이들의 시선으로 본 이방인","9.54"
"확률","세 사람","9.53"
"써라그림일기","그림일기","9.24"
"CARNIVAL","준비중","9.51"
"고슴도치","평범한 사람들의 평범한 이야기.","9.50"
"넌죽었다.","평범한 일상에 찾아온 비극","9.56"
"콘스탄쯔이야기|지민양이야기","팩션 다큐멘터리","9.68"
"저승의간섭","저승사자와 귀신들의 요절복통 코믹 호러 저승토크쇼!","9.66"
"[수잉츄|CRAZYCRAYON]","망상쟁이 망상일기 '크레이지 크레용'","9.71"
"스턴건","경찰은 5분거리에 있다","9.46"
"너무예쁜거아니니꼬무야","사람은 고양이처럼 고양이는 사람처럼","9.67"
"3월의토끼","신년 특집단편","9.73"
"한줄기빛","병태의 영화제작 푸로젝트","9.39"
"웬일이니!!!","키득하며 웃을때까지 도전하는 만화!!","9.59"
"아스란영웅전","용을 물리친 용사의 이야기","9.67"
"이명충(耳鳴蟲)","미스테리 스릴러","9.61"
"작살패러디","작살패러디","9.14"
"크레파스","깔깔깔~","9.77"
"Find(파인드)","10화 11/16 업뎃","9.66"
"부탁해요-!곰씨!","이별후에 오는것들","9.77"
"인간사육일지","육일지네 가족이야기","9.67"
"조립식","조립식","8.73"
"청소년들의사랑","이상한 순정만화","9.62"
"오래된노래","소나기와 함께 찾아 온 첫사랑의 기억","9.51"
"케미스트리","누와르noir","9.67"
"소설가J","어두운 지하실, 그 곳에 당신을 기다리고 있는 J가 있다","9.70"
"고!고!루키루!","루키루!와 함께 즐거운 하루 보내세요!!!","9.69"
"MASKBOY","MASK BOY","9.55"
"안개의시","우린 어쩌면 안개속에서 길을 잃어 헤매고 있는 건지도 몰라.","9.73"
"[H愛TE]","박성철","9.63"
"MODEL(모델)","'도전 수퍼모델' 같은 이야기를 생각하신다면... 좀 민망합니다. 후후;;;","8.14"
"인디언","내가 어릴적에...","9.76"
"놓지마정신줄","본격 유체이탈 예방프로젝트 웹툰","9.43"
"어른스러운철구","공상 비과학 만화 <어른스러운 철구>","9.68"
"k-9(canine)","good man's report","9.78"
"미미의일상","4차원밥맛소녀!","9.47"
"블랙마리아","블랙마리아","9.17"
"도치생각","고슴도치처럼 변해버린 사람의 세상사는 이야기.","9.33"
"흐드러지다","황제암살을 둘러싼 음모와 배신, 그리고 비극","9.73"
"개판","투견 바울의 이야기","9.69"
"그리고그들은","타인에 의한 상처와 치유, 그 경계에서 행복한 결말을 꿈꾸는 이들의 이야기","9.57"
"그린스마일","멸종위기에 처한 야생동물의 환경이야기","9.55"
"무당벌레꼬린야","행복,나눔,일상","9.44"
"실질객관동화","당연한 이야기,들어보시겠습니까?","9.75"
"<지금우리학교는>","조용했던 학교..한순간에 핏빛으로 물들고....우린 갈데가 없다!!","9.72"
"마루여고","평범하지만 기억에 남는 여고의 일상생활을 소재로 한 만화, 마루여고입니다! :)","9.72"
"평범한하루","평범한 하루","9.77"
"눅쓰의일기","눅쓰의 별볼일없는 일상들속의 이야기","8.92"
"나이트런(knightrun)고화질리테이크","우주+기사+검+고화질 재업","9.77"
"판다독","우리의 소심청년 판다독! 디자이너 판다독의 일상과 회사 동료, 친구 그리고 가족 이야기를 통해 우리의 모습을 들여다 보세요.","9.41"
"기억을만드는여자","안녕하세요 스튜디오 로프트입니다. http://cafe.naver.com/studioloft","6.58"
"DaytoDay","데투데","9.81"
"엘레프","※예수시대의 제사장을 주인공으로 한 만화입니다.특정 종교를 폄하하려는 의도로 그려진 것이 아님을 미리 말씀드립니다. ---------","9.73"
"묵회","즐겁게 보아주세요. http://bongdal.org","9.39"
"가족사진","미스테리 가족드라마","8.87"
"연옥님이보고계셔","언제 어디서나 어떻게든 나를 보고 있는 존재라면.","9.62"
"스쿨라이프","스쿨라이프","9.37"
"이그니션","후기","8.04"
"천짜의동동다리","설렘없는 날 찾아오는 봄날의 진눈깨비, 천짜의 아으동동다리 ","7.05"
"블랙젤리","젠체의 일상속으로...","6.75"
"다이어트뻬띠슈","다이어트하는 돼지의 슬프도록 아름다운 스토리","7.75"
"[실화]사랑하니까시즌1","사랑하니까는 20대의슬픈사랑이야기에 올라온 사연을 바탕으로 만든 카툰에세이 입니다","9.76"
"스풍동산","꿈과 희망의 스풍동산","7.20"
"도레미친만화","대게 실화이거나 팬분들이 보내주신 소재를 가지고 만화를 그립니다.","6.96"
"반쪽짜리이야기","반쪽짜리 이야기","8.41"
"야도닷껌","야도닷껌","5.56"
"포토쥬스","누똥바의 포토쥬스","6.37"
"김모군의일기","김모군의 일기","7.18"
"[지냥이]친절한'공익'씨","공감개그만화","5.13"
